{"cameraMode":{"drawMode":0,"name":"Shaded","section":"Shading Mode"},"sceneLighting":true,"audioPlay":false,"sceneViewState":{"m_AlwaysRefresh":false,"showFog":true,"showSkybox":true,"showFlares":true,"showImageEffects":true,"showParticleSystems":true,"showVisualEffectGraphs":true,"m_FxEnabled":true},"in2DMode":false,"pivot":{"x":-9.614592552185059,"y":0.15301956236362458,"z":17.239444732666017},"rotation":{"x":-0.11174488812685013,"y":-0.7876569032669067,"z":0.14994753897190095,"w":-0.5870769023895264},"size":4.044802188873291,"orthographic":false}