{"cameraMode":{"drawMode":0,"name":"Shaded","section":"Shading Mode"},"sceneLighting":false,"audioPlay":false,"sceneViewState":{"m_AlwaysRefresh":false,"showFog":true,"showSkybox":false,"showFlares":true,"showImageEffects":true,"showParticleSystems":true,"showVisualEffectGraphs":true,"m_FxEnabled":true},"in2DMode":false,"pivot":{"x":-0.17743593454360963,"y":0.20671308040618897,"z":1.2999470233917237},"rotation":{"x":-0.006508711725473404,"y":-0.9621338844299316,"z":0.2715795338153839,"w":-0.023112311959266664},"size":0.24172890186309815,"orthographic":false}