Using pre-set license
Built from '2021.3/staging' branch; Version is '2021.3.8f1 (b30333d56e81) revision 11731763'; Using compiler version '192829333'; Build Type 'Release'
OS: 'Windows 11  (10.0.26100) 64bit Core' Language: 'en' Physical Memory: 16226 MB
BatchMode: 1, IsHumanControllingUs: 0, StartBugReporterOnCrash: 0, Is64bit: 1, IsPro: 1

COMMAND LINE ARGUMENTS:
C:\Program Files\Unity\Hub\Editor\2021.3.8f1\Editor\Unity.exe
-adb2
-batchMode
-noUpm
-name
AssetImportWorker1
-projectPath
C:/Users/Henry Fabritius/3D_Boss_Fight
-logFile
Logs/AssetImportWorker1.log
-srvPort
58019
Successfully changed project path to: C:/Users/Henry Fabritius/3D_Boss_Fight
C:/Users/Henry Fabritius/3D_Boss_Fight
[UnityMemory] Configuration Parameters - Can be set up in boot.config
    "memorysetup-bucket-allocator-granularity=16"
    "memorysetup-bucket-allocator-bucket-count=8"
    "memorysetup-bucket-allocator-block-size=33554432"
    "memorysetup-bucket-allocator-block-count=8"
    "memorysetup-main-allocator-block-size=16777216"
    "memorysetup-thread-allocator-block-size=16777216"
    "memorysetup-gfx-main-allocator-block-size=16777216"
    "memorysetup-gfx-thread-allocator-block-size=16777216"
    "memorysetup-cache-allocator-block-size=4194304"
    "memorysetup-typetree-allocator-block-size=2097152"
    "memorysetup-profiler-bucket-allocator-granularity=16"
    "memorysetup-profiler-bucket-allocator-bucket-count=8"
    "memorysetup-profiler-bucket-allocator-block-size=33554432"
    "memorysetup-profiler-bucket-allocator-block-count=8"
    "memorysetup-profiler-allocator-block-size=16777216"
    "memorysetup-profiler-editor-allocator-block-size=1048576"
    "memorysetup-temp-allocator-size-main=16777216"
    "memorysetup-job-temp-allocator-block-size=2097152"
    "memorysetup-job-temp-allocator-block-size-background=1048576"
    "memorysetup-job-temp-allocator-reduction-small-platforms=262144"
    "memorysetup-temp-allocator-size-background-worker=32768"
    "memorysetup-temp-allocator-size-job-worker=262144"
    "memorysetup-temp-allocator-size-preload-manager=33554432"
    "memorysetup-temp-allocator-size-nav-mesh-worker=65536"
    "memorysetup-temp-allocator-size-audio-worker=65536"
    "memorysetup-temp-allocator-size-cloud-worker=32768"
    "memorysetup-temp-allocator-size-gi-baking-worker=262144"
    "memorysetup-temp-allocator-size-gfx=262144"
Refreshing native plugins compatible for Editor in 382.18 ms, found 3 plugins.
Preloading 0 native plugins for Editor in 0.00 ms.
Initialize engine version: 2021.3.8f1 (b30333d56e81)
[Subsystems] Discovering subsystems at path C:/Program Files/Unity/Hub/Editor/2021.3.8f1/Editor/Data/Resources/UnitySubsystems
[Subsystems] Discovering subsystems at path C:/Users/Henry Fabritius/3D_Boss_Fight/Assets
GfxDevice: creating device client; threaded=0; jobified=0
Direct3D:
    Version:  Direct3D 11.0 [level 11.1]
    Renderer: NVIDIA GeForce GTX 1650 (ID=0x1f91)
    Vendor:   NVIDIA
    VRAM:     3935 MB
    Driver:   31.0.15.5222
Initialize mono
Mono path[0] = 'C:/Program Files/Unity/Hub/Editor/2021.3.8f1/Editor/Data/Managed'
Mono path[1] = 'C:/Program Files/Unity/Hub/Editor/2021.3.8f1/Editor/Data/MonoBleedingEdge/lib/mono/unityjit-win32'
Mono config path = 'C:/Program Files/Unity/Hub/Editor/2021.3.8f1/Editor/Data/MonoBleedingEdge/etc'
Using monoOptions --debugger-agent=transport=dt_socket,embedding=1,server=y,suspend=n,address=127.0.0.1:56744
Begin MonoManager ReloadAssembly
Registering precompiled unity dll's ...
Register platform support module: C:/Program Files/Unity/Hub/Editor/2021.3.8f1/Editor/Data/PlaybackEngines/WebGLSupport/UnityEditor.WebGL.Extensions.dll
Register platform support module: C:/Program Files/Unity/Hub/Editor/2021.3.8f1/Editor/Data/PlaybackEngines/WindowsStandaloneSupport/UnityEditor.WindowsStandalone.Extensions.dll
Registered in 0.064378 seconds.
Native extension for WindowsStandalone target not found
Native extension for WebGL target not found
Refreshing native plugins compatible for Editor in 359.96 ms, found 3 plugins.
Preloading 0 native plugins for Editor in 0.00 ms.
Mono: successfully reloaded assembly
- Completed reload, in  2.772 seconds
Domain Reload Profiling:
	ReloadAssembly (2773ms)
		BeginReloadAssembly (305ms)
			ExecutionOrderSort (0ms)
			DisableScriptedObjects (0ms)
			BackupInstance (0ms)
			ReleaseScriptingObjects (0ms)
			CreateAndSetChildDomain (2ms)
		EndReloadAssembly (1867ms)
			LoadAssemblies (290ms)
			RebuildTransferFunctionScriptingTraits (0ms)
			SetupTypeCache (613ms)
			ReleaseScriptCaches (0ms)
			RebuildScriptCaches (99ms)
			SetupLoadedEditorAssemblies (919ms)
				LogAssemblyErrors (0ms)
				InitializePlatformSupportModulesInManaged (32ms)
				SetLoadedEditorAssemblies (1ms)
				RefreshPlugins (360ms)
				BeforeProcessingInitializeOnLoad (5ms)
				ProcessInitializeOnLoadAttributes (438ms)
				ProcessInitializeOnLoadMethodAttributes (82ms)
				AfterProcessingInitializeOnLoad (0ms)
				EditorAssembliesLoaded (0ms)
			ExecutionOrderSort2 (0ms)
			AwakeInstancesAfterBackupRestoration (0ms)
Platform modules already initialized, skipping
Registering precompiled user dll's ...
Registered in 0.016741 seconds.
Begin MonoManager ReloadAssembly
Symbol file LoadedFromMemory doesn't match image C:\Users\Henry Fabritius\3D_Boss_Fight\Library\PackageCache\com.unity.visualscripting@1.7.8\Editor\VisualScripting.Core\Dependencies\YamlDotNet\Unity.VisualScripting.YamlDotNet.dll
Symbol file LoadedFromMemory doesn't match image C:\Users\Henry Fabritius\3D_Boss_Fight\Library\PackageCache\com.unity.visualscripting@1.7.8\Editor\VisualScripting.Core\Dependencies\DotNetZip\Unity.VisualScripting.IonicZip.dll
Native extension for WindowsStandalone target not found
Native extension for WebGL target not found
Refreshing native plugins compatible for Editor in 1.55 ms, found 3 plugins.
Preloading 0 native plugins for Editor in 0.00 ms.
Mono: successfully reloaded assembly
- Completed reload, in  2.401 seconds
Domain Reload Profiling:
	ReloadAssembly (2402ms)
		BeginReloadAssembly (235ms)
			ExecutionOrderSort (0ms)
			DisableScriptedObjects (14ms)
			BackupInstance (0ms)
			ReleaseScriptingObjects (0ms)
			CreateAndSetChildDomain (35ms)
		EndReloadAssembly (1905ms)
			LoadAssemblies (179ms)
			RebuildTransferFunctionScriptingTraits (0ms)
			SetupTypeCache (552ms)
			ReleaseScriptCaches (1ms)
			RebuildScriptCaches (162ms)
			SetupLoadedEditorAssemblies (906ms)
				LogAssemblyErrors (0ms)
				InitializePlatformSupportModulesInManaged (20ms)
				SetLoadedEditorAssemblies (1ms)
				RefreshPlugins (2ms)
				BeforeProcessingInitializeOnLoad (242ms)
				ProcessInitializeOnLoadAttributes (574ms)
				ProcessInitializeOnLoadMethodAttributes (48ms)
				AfterProcessingInitializeOnLoad (19ms)
				EditorAssembliesLoaded (0ms)
			ExecutionOrderSort2 (0ms)
			AwakeInstancesAfterBackupRestoration (10ms)
Platform modules already initialized, skipping
========================================================================
Worker process is ready to serve import requests
Launched and connected shader compiler UnityShaderCompiler.exe after 0.10 seconds
Refreshing native plugins compatible for Editor in 1.21 ms, found 3 plugins.
Preloading 0 native plugins for Editor in 0.00 ms.
Unloading 3543 Unused Serialized files (Serialized files now loaded: 0)
Unloading 40 unused Assets / (181.9 KB). Loaded Objects now: 4020.
Memory consumption went from 134.8 MB to 134.6 MB.
Total: 5.903700 ms (FindLiveObjects: 0.443900 ms CreateObjectMapping: 0.327200 ms MarkObjects: 4.964500 ms  DeleteObjects: 0.160600 ms)

AssetImportParameters requested are different than current active one (requested -> active):
  custom:video-decoder-ogg-theora: a1e56fd34408186e4bbccfd4996cb3dc -> 
  custom:container-muxer-webm: aa71ff27fc2769a1b78a27578f13a17b -> 
  custom:container-demuxer-webm: 4f35f7cbe854078d1ac9338744f61a02 -> 
  custom:video-encoder-webm-vp8: eb34c28f22e8b96e1ab97ce403110664 -> 
  custom:audio-encoder-webm-vorbis: bf7c407c2cedff20999df2af8eb42d56 -> 
  custom:framework-win-MediaFoundation: 216162199b28c13a410421893ffa2e32 -> 
  custom:container-demuxer-ogg: 62fdf1f143b41e24485cea50d1cbac27 -> 
  custom:video-decoder-webm-vp8: 9c59270c3fd7afecdb556c50c9e8de78 -> 
  custom:audio-decoder-ogg-vorbis: bf7c407c2cedff20999df2af8eb42d56 -> 
========================================================================
Received Prepare
Registering precompiled user dll's ...
Registered in 0.017026 seconds.
Begin MonoManager ReloadAssembly
Symbol file LoadedFromMemory doesn't match image C:\Users\Henry Fabritius\3D_Boss_Fight\Library\PackageCache\com.unity.visualscripting@1.7.8\Editor\VisualScripting.Core\Dependencies\YamlDotNet\Unity.VisualScripting.YamlDotNet.dll
Symbol file LoadedFromMemory doesn't match image C:\Users\Henry Fabritius\3D_Boss_Fight\Library\PackageCache\com.unity.visualscripting@1.7.8\Editor\VisualScripting.Core\Dependencies\DotNetZip\Unity.VisualScripting.IonicZip.dll
Native extension for WindowsStandalone target not found
Native extension for WebGL target not found
Refreshing native plugins compatible for Editor in 0.78 ms, found 3 plugins.
Preloading 0 native plugins for Editor in 0.00 ms.
Mono: successfully reloaded assembly
- Completed reload, in  2.454 seconds
Domain Reload Profiling:
	ReloadAssembly (2455ms)
		BeginReloadAssembly (276ms)
			ExecutionOrderSort (0ms)
			DisableScriptedObjects (12ms)
			BackupInstance (0ms)
			ReleaseScriptingObjects (0ms)
			CreateAndSetChildDomain (70ms)
		EndReloadAssembly (1956ms)
			LoadAssemblies (184ms)
			RebuildTransferFunctionScriptingTraits (0ms)
			SetupTypeCache (620ms)
			ReleaseScriptCaches (2ms)
			RebuildScriptCaches (96ms)
			SetupLoadedEditorAssemblies (937ms)
				LogAssemblyErrors (0ms)
				InitializePlatformSupportModulesInManaged (30ms)
				SetLoadedEditorAssemblies (1ms)
				RefreshPlugins (1ms)
				BeforeProcessingInitializeOnLoad (185ms)
				ProcessInitializeOnLoadAttributes (574ms)
				ProcessInitializeOnLoadMethodAttributes (103ms)
				AfterProcessingInitializeOnLoad (42ms)
				EditorAssembliesLoaded (0ms)
			ExecutionOrderSort2 (0ms)
			AwakeInstancesAfterBackupRestoration (27ms)
Platform modules already initialized, skipping
Refreshing native plugins compatible for Editor in 8.02 ms, found 3 plugins.
Preloading 0 native plugins for Editor in 0.00 ms.
Unloading 3538 Unused Serialized files (Serialized files now loaded: 0)
Unloading 21 unused Assets / (149.2 KB). Loaded Objects now: 4035.
Memory consumption went from 134.6 MB to 134.5 MB.
Total: 6.938500 ms (FindLiveObjects: 0.451700 ms CreateObjectMapping: 0.475100 ms MarkObjects: 5.772300 ms  DeleteObjects: 0.237200 ms)

AssetImportParameters requested are different than current active one (requested -> active):
  custom:video-decoder-ogg-theora: a1e56fd34408186e4bbccfd4996cb3dc -> 
  custom:container-muxer-webm: aa71ff27fc2769a1b78a27578f13a17b -> 
  custom:container-demuxer-webm: 4f35f7cbe854078d1ac9338744f61a02 -> 
  custom:video-encoder-webm-vp8: eb34c28f22e8b96e1ab97ce403110664 -> 
  custom:audio-encoder-webm-vorbis: bf7c407c2cedff20999df2af8eb42d56 -> 
  custom:framework-win-MediaFoundation: 216162199b28c13a410421893ffa2e32 -> 
  custom:container-demuxer-ogg: 62fdf1f143b41e24485cea50d1cbac27 -> 
  custom:video-decoder-webm-vp8: 9c59270c3fd7afecdb556c50c9e8de78 -> 
  custom:audio-decoder-ogg-vorbis: bf7c407c2cedff20999df2af8eb42d56 -> 
========================================================================
Received Import Request.
  Time since last request: 2132173.414992 seconds.
  path: Assets/Models/Materials/Gold.mat
  artifactKey: Guid(15fd4b5a8313ed94480716d9430eee42) Importer(815301076,1909f56bfc062723c751e8b465ee728b)
Start importing Assets/Models/Materials/Gold.mat using Guid(15fd4b5a8313ed94480716d9430eee42) Importer(815301076,1909f56bfc062723c751e8b465ee728b)  -> (artifact id: 'e94510292d91bb5dc7fc565ad96cc427') in 0.427064 seconds 
========================================================================
Received Import Request.
  Time since last request: 0.000043 seconds.
  path: Assets/Models/Materials/Green.mat
  artifactKey: Guid(f18e05b61e2b6c14b9b3c8ff72b0cb7c) Importer(815301076,1909f56bfc062723c751e8b465ee728b)
Start importing Assets/Models/Materials/Green.mat using Guid(f18e05b61e2b6c14b9b3c8ff72b0cb7c) Importer(815301076,1909f56bfc062723c751e8b465ee728b)  -> (artifact id: 'dc77fcec2e6e78436d788b60db3e86a1') in 0.063251 seconds 
========================================================================
Received Import Request.
  Time since last request: 0.000057 seconds.
  path: Assets/Models/Materials/TankGrey.mat
  artifactKey: Guid(d459035687bc1e544b57f33ec2005c73) Importer(815301076,1909f56bfc062723c751e8b465ee728b)
Start importing Assets/Models/Materials/TankGrey.mat using Guid(d459035687bc1e544b57f33ec2005c73) Importer(815301076,1909f56bfc062723c751e8b465ee728b)  -> (artifact id: 'df1d1b8d4aa77d25329f9a6a4e42329d') in 0.039426 seconds 
========================================================================
Received Import Request.
  Time since last request: 0.000033 seconds.
  path: Assets/Models/Materials/TankLights.mat
  artifactKey: Guid(416ac098d561a5f4f9a056facb381328) Importer(815301076,1909f56bfc062723c751e8b465ee728b)
Start importing Assets/Models/Materials/TankLights.mat using Guid(416ac098d561a5f4f9a056facb381328) Importer(815301076,1909f56bfc062723c751e8b465ee728b)  -> (artifact id: 'e339f7717959effb851bcf3e01339803') in 0.035567 seconds 
========================================================================
Received Import Request.
  Time since last request: 0.000037 seconds.
  path: Assets/Models/Materials/BuildingMetal.mat
  artifactKey: Guid(8dc53fbf0fbc05344a20466ce53bab7a) Importer(815301076,1909f56bfc062723c751e8b465ee728b)
Start importing Assets/Models/Materials/BuildingMetal.mat using Guid(8dc53fbf0fbc05344a20466ce53bab7a) Importer(815301076,1909f56bfc062723c751e8b465ee728b)  -> (artifact id: '996c6f72b42fb305709898e05cf24a7b') in 0.050017 seconds 
========================================================================
Received Prepare
Registering precompiled user dll's ...
Registered in 0.015150 seconds.
Begin MonoManager ReloadAssembly
Symbol file LoadedFromMemory doesn't match image C:\Users\Henry Fabritius\3D_Boss_Fight\Library\PackageCache\com.unity.visualscripting@1.7.8\Editor\VisualScripting.Core\Dependencies\YamlDotNet\Unity.VisualScripting.YamlDotNet.dll
Symbol file LoadedFromMemory doesn't match image C:\Users\Henry Fabritius\3D_Boss_Fight\Library\PackageCache\com.unity.visualscripting@1.7.8\Editor\VisualScripting.Core\Dependencies\DotNetZip\Unity.VisualScripting.IonicZip.dll
Native extension for WindowsStandalone target not found
Native extension for WebGL target not found
Refreshing native plugins compatible for Editor in 0.95 ms, found 3 plugins.
Preloading 0 native plugins for Editor in 0.00 ms.
Mono: successfully reloaded assembly
- Completed reload, in  2.154 seconds
Domain Reload Profiling:
	ReloadAssembly (2155ms)
		BeginReloadAssembly (261ms)
			ExecutionOrderSort (0ms)
			DisableScriptedObjects (7ms)
			BackupInstance (0ms)
			ReleaseScriptingObjects (0ms)
			CreateAndSetChildDomain (68ms)
		EndReloadAssembly (1682ms)
			LoadAssemblies (187ms)
			RebuildTransferFunctionScriptingTraits (0ms)
			SetupTypeCache (544ms)
			ReleaseScriptCaches (2ms)
			RebuildScriptCaches (95ms)
			SetupLoadedEditorAssemblies (783ms)
				LogAssemblyErrors (0ms)
				InitializePlatformSupportModulesInManaged (34ms)
				SetLoadedEditorAssemblies (1ms)
				RefreshPlugins (1ms)
				BeforeProcessingInitializeOnLoad (168ms)
				ProcessInitializeOnLoadAttributes (494ms)
				ProcessInitializeOnLoadMethodAttributes (62ms)
				AfterProcessingInitializeOnLoad (23ms)
				EditorAssembliesLoaded (0ms)
			ExecutionOrderSort2 (0ms)
			AwakeInstancesAfterBackupRestoration (16ms)
Platform modules already initialized, skipping
Refreshing native plugins compatible for Editor in 4.90 ms, found 3 plugins.
Preloading 0 native plugins for Editor in 0.00 ms.
Unloading 3538 Unused Serialized files (Serialized files now loaded: 0)
Unloading 21 unused Assets / (149.3 KB). Loaded Objects now: 4090.
Memory consumption went from 139.2 MB to 139.1 MB.
Total: 5.194900 ms (FindLiveObjects: 0.379500 ms CreateObjectMapping: 0.263300 ms MarkObjects: 4.323800 ms  DeleteObjects: 0.226600 ms)

AssetImportParameters requested are different than current active one (requested -> active):
  custom:video-decoder-ogg-theora: a1e56fd34408186e4bbccfd4996cb3dc -> 
  custom:container-muxer-webm: aa71ff27fc2769a1b78a27578f13a17b -> 
  custom:container-demuxer-webm: 4f35f7cbe854078d1ac9338744f61a02 -> 
  custom:video-encoder-webm-vp8: eb34c28f22e8b96e1ab97ce403110664 -> 
  custom:audio-encoder-webm-vorbis: bf7c407c2cedff20999df2af8eb42d56 -> 
  custom:framework-win-MediaFoundation: 216162199b28c13a410421893ffa2e32 -> 
  custom:container-demuxer-ogg: 62fdf1f143b41e24485cea50d1cbac27 -> 
  custom:video-decoder-webm-vp8: 9c59270c3fd7afecdb556c50c9e8de78 -> 
  custom:audio-decoder-ogg-vorbis: bf7c407c2cedff20999df2af8eb42d56 -> 
========================================================================
Received Prepare
Registering precompiled user dll's ...
Registered in 0.018896 seconds.
Begin MonoManager ReloadAssembly
Symbol file LoadedFromMemory doesn't match image C:\Users\Henry Fabritius\3D_Boss_Fight\Library\PackageCache\com.unity.visualscripting@1.7.8\Editor\VisualScripting.Core\Dependencies\YamlDotNet\Unity.VisualScripting.YamlDotNet.dll
Symbol file LoadedFromMemory doesn't match image C:\Users\Henry Fabritius\3D_Boss_Fight\Library\PackageCache\com.unity.visualscripting@1.7.8\Editor\VisualScripting.Core\Dependencies\DotNetZip\Unity.VisualScripting.IonicZip.dll
Native extension for WindowsStandalone target not found
Native extension for WebGL target not found
Refreshing native plugins compatible for Editor in 0.77 ms, found 3 plugins.
Preloading 0 native plugins for Editor in 0.00 ms.
Mono: successfully reloaded assembly
- Completed reload, in  2.257 seconds
Domain Reload Profiling:
	ReloadAssembly (2259ms)
		BeginReloadAssembly (259ms)
			ExecutionOrderSort (0ms)
			DisableScriptedObjects (8ms)
			BackupInstance (0ms)
			ReleaseScriptingObjects (0ms)
			CreateAndSetChildDomain (69ms)
		EndReloadAssembly (1789ms)
			LoadAssemblies (181ms)
			RebuildTransferFunctionScriptingTraits (0ms)
			SetupTypeCache (577ms)
			ReleaseScriptCaches (2ms)
			RebuildScriptCaches (80ms)
			SetupLoadedEditorAssemblies (825ms)
				LogAssemblyErrors (0ms)
				InitializePlatformSupportModulesInManaged (26ms)
				SetLoadedEditorAssemblies (1ms)
				RefreshPlugins (1ms)
				BeforeProcessingInitializeOnLoad (157ms)
				ProcessInitializeOnLoadAttributes (499ms)
				ProcessInitializeOnLoadMethodAttributes (97ms)
				AfterProcessingInitializeOnLoad (44ms)
				EditorAssembliesLoaded (1ms)
			ExecutionOrderSort2 (0ms)
			AwakeInstancesAfterBackupRestoration (24ms)
Platform modules already initialized, skipping
Refreshing native plugins compatible for Editor in 4.60 ms, found 3 plugins.
Preloading 0 native plugins for Editor in 0.00 ms.
Unloading 3538 Unused Serialized files (Serialized files now loaded: 0)
Unloading 21 unused Assets / (149.2 KB). Loaded Objects now: 4105.
Memory consumption went from 139.3 MB to 139.1 MB.
Total: 6.524300 ms (FindLiveObjects: 0.580000 ms CreateObjectMapping: 0.334500 ms MarkObjects: 5.449000 ms  DeleteObjects: 0.159100 ms)

AssetImportParameters requested are different than current active one (requested -> active):
  custom:video-decoder-ogg-theora: a1e56fd34408186e4bbccfd4996cb3dc -> 
  custom:container-muxer-webm: aa71ff27fc2769a1b78a27578f13a17b -> 
  custom:container-demuxer-webm: 4f35f7cbe854078d1ac9338744f61a02 -> 
  custom:video-encoder-webm-vp8: eb34c28f22e8b96e1ab97ce403110664 -> 
  custom:audio-encoder-webm-vorbis: bf7c407c2cedff20999df2af8eb42d56 -> 
  custom:framework-win-MediaFoundation: 216162199b28c13a410421893ffa2e32 -> 
  custom:container-demuxer-ogg: 62fdf1f143b41e24485cea50d1cbac27 -> 
  custom:video-decoder-webm-vp8: 9c59270c3fd7afecdb556c50c9e8de78 -> 
  custom:audio-decoder-ogg-vorbis: bf7c407c2cedff20999df2af8eb42d56 -> 
========================================================================
Received Prepare
Registering precompiled user dll's ...
Registered in 0.014788 seconds.
Begin MonoManager ReloadAssembly
Symbol file LoadedFromMemory doesn't match image C:\Users\Henry Fabritius\3D_Boss_Fight\Library\PackageCache\com.unity.visualscripting@1.7.8\Editor\VisualScripting.Core\Dependencies\YamlDotNet\Unity.VisualScripting.YamlDotNet.dll
Symbol file LoadedFromMemory doesn't match image C:\Users\Henry Fabritius\3D_Boss_Fight\Library\PackageCache\com.unity.visualscripting@1.7.8\Editor\VisualScripting.Core\Dependencies\DotNetZip\Unity.VisualScripting.IonicZip.dll
Native extension for WindowsStandalone target not found
Native extension for WebGL target not found
Refreshing native plugins compatible for Editor in 1.67 ms, found 3 plugins.
Preloading 0 native plugins for Editor in 0.00 ms.
Mono: successfully reloaded assembly
- Completed reload, in  3.044 seconds
Domain Reload Profiling:
	ReloadAssembly (3047ms)
		BeginReloadAssembly (425ms)
			ExecutionOrderSort (0ms)
			DisableScriptedObjects (27ms)
			BackupInstance (0ms)
			ReleaseScriptingObjects (0ms)
			CreateAndSetChildDomain (101ms)
		EndReloadAssembly (2296ms)
			LoadAssemblies (298ms)
			RebuildTransferFunctionScriptingTraits (0ms)
			SetupTypeCache (827ms)
			ReleaseScriptCaches (3ms)
			RebuildScriptCaches (130ms)
			SetupLoadedEditorAssemblies (931ms)
				LogAssemblyErrors (0ms)
				InitializePlatformSupportModulesInManaged (34ms)
				SetLoadedEditorAssemblies (1ms)
				RefreshPlugins (2ms)
				BeforeProcessingInitializeOnLoad (167ms)
				ProcessInitializeOnLoadAttributes (615ms)
				ProcessInitializeOnLoadMethodAttributes (74ms)
				AfterProcessingInitializeOnLoad (38ms)
				EditorAssembliesLoaded (0ms)
			ExecutionOrderSort2 (0ms)
			AwakeInstancesAfterBackupRestoration (23ms)
Platform modules already initialized, skipping
Refreshing native plugins compatible for Editor in 9.21 ms, found 3 plugins.
Preloading 0 native plugins for Editor in 0.00 ms.
Unloading 3538 Unused Serialized files (Serialized files now loaded: 0)
Unloading 21 unused Assets / (149.3 KB). Loaded Objects now: 4120.
Memory consumption went from 139.3 MB to 139.1 MB.
Total: 6.437200 ms (FindLiveObjects: 0.590400 ms CreateObjectMapping: 0.478800 ms MarkObjects: 5.194100 ms  DeleteObjects: 0.171500 ms)

AssetImportParameters requested are different than current active one (requested -> active):
  custom:video-decoder-ogg-theora: a1e56fd34408186e4bbccfd4996cb3dc -> 
  custom:container-muxer-webm: aa71ff27fc2769a1b78a27578f13a17b -> 
  custom:container-demuxer-webm: 4f35f7cbe854078d1ac9338744f61a02 -> 
  custom:video-encoder-webm-vp8: eb34c28f22e8b96e1ab97ce403110664 -> 
  custom:audio-encoder-webm-vorbis: bf7c407c2cedff20999df2af8eb42d56 -> 
  custom:framework-win-MediaFoundation: 216162199b28c13a410421893ffa2e32 -> 
  custom:container-demuxer-ogg: 62fdf1f143b41e24485cea50d1cbac27 -> 
  custom:video-decoder-webm-vp8: 9c59270c3fd7afecdb556c50c9e8de78 -> 
  custom:audio-decoder-ogg-vorbis: bf7c407c2cedff20999df2af8eb42d56 -> 
========================================================================
Received Prepare
Registering precompiled user dll's ...
Registered in 0.015329 seconds.
Begin MonoManager ReloadAssembly
Symbol file LoadedFromMemory doesn't match image C:\Users\Henry Fabritius\3D_Boss_Fight\Library\PackageCache\com.unity.visualscripting@1.7.8\Editor\VisualScripting.Core\Dependencies\YamlDotNet\Unity.VisualScripting.YamlDotNet.dll
Symbol file LoadedFromMemory doesn't match image C:\Users\Henry Fabritius\3D_Boss_Fight\Library\PackageCache\com.unity.visualscripting@1.7.8\Editor\VisualScripting.Core\Dependencies\DotNetZip\Unity.VisualScripting.IonicZip.dll
Native extension for WindowsStandalone target not found
Native extension for WebGL target not found
Refreshing native plugins compatible for Editor in 1.20 ms, found 3 plugins.
Preloading 0 native plugins for Editor in 0.00 ms.
Mono: successfully reloaded assembly
- Completed reload, in  2.711 seconds
Domain Reload Profiling:
	ReloadAssembly (2713ms)
		BeginReloadAssembly (351ms)
			ExecutionOrderSort (0ms)
			DisableScriptedObjects (12ms)
			BackupInstance (0ms)
			ReleaseScriptingObjects (0ms)
			CreateAndSetChildDomain (85ms)
		EndReloadAssembly (2055ms)
			LoadAssemblies (250ms)
			RebuildTransferFunctionScriptingTraits (0ms)
			SetupTypeCache (588ms)
			ReleaseScriptCaches (2ms)
			RebuildScriptCaches (91ms)
			SetupLoadedEditorAssemblies (1029ms)
				LogAssemblyErrors (0ms)
				InitializePlatformSupportModulesInManaged (40ms)
				SetLoadedEditorAssemblies (1ms)
				RefreshPlugins (1ms)
				BeforeProcessingInitializeOnLoad (226ms)
				ProcessInitializeOnLoadAttributes (634ms)
				ProcessInitializeOnLoadMethodAttributes (91ms)
				AfterProcessingInitializeOnLoad (36ms)
				EditorAssembliesLoaded (1ms)
			ExecutionOrderSort2 (0ms)
			AwakeInstancesAfterBackupRestoration (24ms)
Platform modules already initialized, skipping
Refreshing native plugins compatible for Editor in 6.28 ms, found 3 plugins.
Preloading 0 native plugins for Editor in 0.00 ms.
Unloading 3538 Unused Serialized files (Serialized files now loaded: 0)
Unloading 21 unused Assets / (149.2 KB). Loaded Objects now: 4135.
Memory consumption went from 139.3 MB to 139.2 MB.
Total: 6.852900 ms (FindLiveObjects: 0.501200 ms CreateObjectMapping: 0.337900 ms MarkObjects: 5.763500 ms  DeleteObjects: 0.248400 ms)

AssetImportParameters requested are different than current active one (requested -> active):
  custom:video-decoder-ogg-theora: a1e56fd34408186e4bbccfd4996cb3dc -> 
  custom:container-muxer-webm: aa71ff27fc2769a1b78a27578f13a17b -> 
  custom:container-demuxer-webm: 4f35f7cbe854078d1ac9338744f61a02 -> 
  custom:video-encoder-webm-vp8: eb34c28f22e8b96e1ab97ce403110664 -> 
  custom:audio-encoder-webm-vorbis: bf7c407c2cedff20999df2af8eb42d56 -> 
  custom:framework-win-MediaFoundation: 216162199b28c13a410421893ffa2e32 -> 
  custom:container-demuxer-ogg: 62fdf1f143b41e24485cea50d1cbac27 -> 
  custom:video-decoder-webm-vp8: 9c59270c3fd7afecdb556c50c9e8de78 -> 
  custom:audio-decoder-ogg-vorbis: bf7c407c2cedff20999df2af8eb42d56 -> 
========================================================================
Received Prepare
Registering precompiled user dll's ...
Registered in 0.015205 seconds.
Begin MonoManager ReloadAssembly
Symbol file LoadedFromMemory doesn't match image C:\Users\Henry Fabritius\3D_Boss_Fight\Library\PackageCache\com.unity.visualscripting@1.7.8\Editor\VisualScripting.Core\Dependencies\YamlDotNet\Unity.VisualScripting.YamlDotNet.dll
Symbol file LoadedFromMemory doesn't match image C:\Users\Henry Fabritius\3D_Boss_Fight\Library\PackageCache\com.unity.visualscripting@1.7.8\Editor\VisualScripting.Core\Dependencies\DotNetZip\Unity.VisualScripting.IonicZip.dll
Native extension for WindowsStandalone target not found
Native extension for WebGL target not found
Refreshing native plugins compatible for Editor in 0.87 ms, found 3 plugins.
Preloading 0 native plugins for Editor in 0.00 ms.
Mono: successfully reloaded assembly
- Completed reload, in  2.328 seconds
Domain Reload Profiling:
	ReloadAssembly (2331ms)
		BeginReloadAssembly (250ms)
			ExecutionOrderSort (0ms)
			DisableScriptedObjects (13ms)
			BackupInstance (0ms)
			ReleaseScriptingObjects (0ms)
			CreateAndSetChildDomain (62ms)
		EndReloadAssembly (1894ms)
			LoadAssemblies (155ms)
			RebuildTransferFunctionScriptingTraits (0ms)
			SetupTypeCache (569ms)
			ReleaseScriptCaches (3ms)
			RebuildScriptCaches (86ms)
			SetupLoadedEditorAssemblies (964ms)
				LogAssemblyErrors (0ms)
				InitializePlatformSupportModulesInManaged (28ms)
				SetLoadedEditorAssemblies (1ms)
				RefreshPlugins (1ms)
				BeforeProcessingInitializeOnLoad (229ms)
				ProcessInitializeOnLoadAttributes (598ms)
				ProcessInitializeOnLoadMethodAttributes (75ms)
				AfterProcessingInitializeOnLoad (32ms)
				EditorAssembliesLoaded (1ms)
			ExecutionOrderSort2 (0ms)
			AwakeInstancesAfterBackupRestoration (20ms)
Platform modules already initialized, skipping
Refreshing native plugins compatible for Editor in 6.91 ms, found 3 plugins.
Preloading 0 native plugins for Editor in 0.00 ms.
Unloading 3538 Unused Serialized files (Serialized files now loaded: 0)
Unloading 21 unused Assets / (149.4 KB). Loaded Objects now: 4150.
Memory consumption went from 139.3 MB to 139.2 MB.
Total: 5.930300 ms (FindLiveObjects: 0.427400 ms CreateObjectMapping: 0.285400 ms MarkObjects: 5.049300 ms  DeleteObjects: 0.166800 ms)

AssetImportParameters requested are different than current active one (requested -> active):
  custom:video-decoder-ogg-theora: a1e56fd34408186e4bbccfd4996cb3dc -> 
  custom:container-muxer-webm: aa71ff27fc2769a1b78a27578f13a17b -> 
  custom:container-demuxer-webm: 4f35f7cbe854078d1ac9338744f61a02 -> 
  custom:video-encoder-webm-vp8: eb34c28f22e8b96e1ab97ce403110664 -> 
  custom:audio-encoder-webm-vorbis: bf7c407c2cedff20999df2af8eb42d56 -> 
  custom:framework-win-MediaFoundation: 216162199b28c13a410421893ffa2e32 -> 
  custom:container-demuxer-ogg: 62fdf1f143b41e24485cea50d1cbac27 -> 
  custom:video-decoder-webm-vp8: 9c59270c3fd7afecdb556c50c9e8de78 -> 
  custom:audio-decoder-ogg-vorbis: bf7c407c2cedff20999df2af8eb42d56 -> 
========================================================================
Received Prepare
Registering precompiled user dll's ...
Registered in 0.017807 seconds.
Begin MonoManager ReloadAssembly
Symbol file LoadedFromMemory doesn't match image C:\Users\Henry Fabritius\3D_Boss_Fight\Library\PackageCache\com.unity.visualscripting@1.7.8\Editor\VisualScripting.Core\Dependencies\YamlDotNet\Unity.VisualScripting.YamlDotNet.dll
Symbol file LoadedFromMemory doesn't match image C:\Users\Henry Fabritius\3D_Boss_Fight\Library\PackageCache\com.unity.visualscripting@1.7.8\Editor\VisualScripting.Core\Dependencies\DotNetZip\Unity.VisualScripting.IonicZip.dll
Native extension for WindowsStandalone target not found
Native extension for WebGL target not found
Refreshing native plugins compatible for Editor in 0.80 ms, found 3 plugins.
Preloading 0 native plugins for Editor in 0.00 ms.
Mono: successfully reloaded assembly
- Completed reload, in  2.449 seconds
Domain Reload Profiling:
	ReloadAssembly (2451ms)
		BeginReloadAssembly (241ms)
			ExecutionOrderSort (0ms)
			DisableScriptedObjects (10ms)
			BackupInstance (0ms)
			ReleaseScriptingObjects (0ms)
			CreateAndSetChildDomain (63ms)
		EndReloadAssembly (2026ms)
			LoadAssemblies (170ms)
			RebuildTransferFunctionScriptingTraits (0ms)
			SetupTypeCache (823ms)
			ReleaseScriptCaches (3ms)
			RebuildScriptCaches (178ms)
			SetupLoadedEditorAssemblies (756ms)
				LogAssemblyErrors (0ms)
				InitializePlatformSupportModulesInManaged (27ms)
				SetLoadedEditorAssemblies (1ms)
				RefreshPlugins (1ms)
				BeforeProcessingInitializeOnLoad (137ms)
				ProcessInitializeOnLoadAttributes (507ms)
				ProcessInitializeOnLoadMethodAttributes (62ms)
				AfterProcessingInitializeOnLoad (22ms)
				EditorAssembliesLoaded (0ms)
			ExecutionOrderSort2 (0ms)
			AwakeInstancesAfterBackupRestoration (11ms)
Platform modules already initialized, skipping
Refreshing native plugins compatible for Editor in 6.27 ms, found 3 plugins.
Preloading 0 native plugins for Editor in 0.00 ms.
Unloading 3538 Unused Serialized files (Serialized files now loaded: 0)
Unloading 21 unused Assets / (149.2 KB). Loaded Objects now: 4165.
Memory consumption went from 139.3 MB to 139.2 MB.
Total: 4.843800 ms (FindLiveObjects: 0.372100 ms CreateObjectMapping: 0.285000 ms MarkObjects: 4.041100 ms  DeleteObjects: 0.143900 ms)

AssetImportParameters requested are different than current active one (requested -> active):
  custom:video-decoder-ogg-theora: a1e56fd34408186e4bbccfd4996cb3dc -> 
  custom:container-muxer-webm: aa71ff27fc2769a1b78a27578f13a17b -> 
  custom:container-demuxer-webm: 4f35f7cbe854078d1ac9338744f61a02 -> 
  custom:video-encoder-webm-vp8: eb34c28f22e8b96e1ab97ce403110664 -> 
  custom:audio-encoder-webm-vorbis: bf7c407c2cedff20999df2af8eb42d56 -> 
  custom:framework-win-MediaFoundation: 216162199b28c13a410421893ffa2e32 -> 
  custom:container-demuxer-ogg: 62fdf1f143b41e24485cea50d1cbac27 -> 
  custom:video-decoder-webm-vp8: 9c59270c3fd7afecdb556c50c9e8de78 -> 
  custom:audio-decoder-ogg-vorbis: bf7c407c2cedff20999df2af8eb42d56 -> 
========================================================================
Received Prepare
Registering precompiled user dll's ...
Registered in 0.015426 seconds.
Begin MonoManager ReloadAssembly
Symbol file LoadedFromMemory doesn't match image C:\Users\Henry Fabritius\3D_Boss_Fight\Library\PackageCache\com.unity.visualscripting@1.7.8\Editor\VisualScripting.Core\Dependencies\YamlDotNet\Unity.VisualScripting.YamlDotNet.dll
Symbol file LoadedFromMemory doesn't match image C:\Users\Henry Fabritius\3D_Boss_Fight\Library\PackageCache\com.unity.visualscripting@1.7.8\Editor\VisualScripting.Core\Dependencies\DotNetZip\Unity.VisualScripting.IonicZip.dll
Native extension for WindowsStandalone target not found
Native extension for WebGL target not found
Refreshing native plugins compatible for Editor in 0.77 ms, found 3 plugins.
Preloading 0 native plugins for Editor in 0.00 ms.
Mono: successfully reloaded assembly
- Completed reload, in  2.526 seconds
Domain Reload Profiling:
	ReloadAssembly (2528ms)
		BeginReloadAssembly (259ms)
			ExecutionOrderSort (0ms)
			DisableScriptedObjects (10ms)
			BackupInstance (0ms)
			ReleaseScriptingObjects (0ms)
			CreateAndSetChildDomain (60ms)
		EndReloadAssembly (2046ms)
			LoadAssemblies (186ms)
			RebuildTransferFunctionScriptingTraits (0ms)
			SetupTypeCache (525ms)
			ReleaseScriptCaches (4ms)
			RebuildScriptCaches (153ms)
			SetupLoadedEditorAssemblies (1085ms)
				LogAssemblyErrors (0ms)
				InitializePlatformSupportModulesInManaged (29ms)
				SetLoadedEditorAssemblies (1ms)
				RefreshPlugins (1ms)
				BeforeProcessingInitializeOnLoad (153ms)
				ProcessInitializeOnLoadAttributes (821ms)
				ProcessInitializeOnLoadMethodAttributes (59ms)
				AfterProcessingInitializeOnLoad (22ms)
				EditorAssembliesLoaded (0ms)
			ExecutionOrderSort2 (0ms)
			AwakeInstancesAfterBackupRestoration (17ms)
Platform modules already initialized, skipping
Refreshing native plugins compatible for Editor in 3.51 ms, found 3 plugins.
Preloading 0 native plugins for Editor in 0.00 ms.
Unloading 3538 Unused Serialized files (Serialized files now loaded: 0)
Unloading 21 unused Assets / (149.2 KB). Loaded Objects now: 4180.
Memory consumption went from 139.4 MB to 139.2 MB.
Total: 5.440700 ms (FindLiveObjects: 0.342700 ms CreateObjectMapping: 0.425100 ms MarkObjects: 4.531200 ms  DeleteObjects: 0.140600 ms)

AssetImportParameters requested are different than current active one (requested -> active):
  custom:video-decoder-ogg-theora: a1e56fd34408186e4bbccfd4996cb3dc -> 
  custom:container-muxer-webm: aa71ff27fc2769a1b78a27578f13a17b -> 
  custom:container-demuxer-webm: 4f35f7cbe854078d1ac9338744f61a02 -> 
  custom:video-encoder-webm-vp8: eb34c28f22e8b96e1ab97ce403110664 -> 
  custom:audio-encoder-webm-vorbis: bf7c407c2cedff20999df2af8eb42d56 -> 
  custom:framework-win-MediaFoundation: 216162199b28c13a410421893ffa2e32 -> 
  custom:container-demuxer-ogg: 62fdf1f143b41e24485cea50d1cbac27 -> 
  custom:video-decoder-webm-vp8: 9c59270c3fd7afecdb556c50c9e8de78 -> 
  custom:audio-decoder-ogg-vorbis: bf7c407c2cedff20999df2af8eb42d56 -> 
========================================================================
Received Prepare
Registering precompiled user dll's ...
Registered in 0.016087 seconds.
Begin MonoManager ReloadAssembly
Symbol file LoadedFromMemory doesn't match image C:\Users\Henry Fabritius\3D_Boss_Fight\Library\PackageCache\com.unity.visualscripting@1.7.8\Editor\VisualScripting.Core\Dependencies\YamlDotNet\Unity.VisualScripting.YamlDotNet.dll
Symbol file LoadedFromMemory doesn't match image C:\Users\Henry Fabritius\3D_Boss_Fight\Library\PackageCache\com.unity.visualscripting@1.7.8\Editor\VisualScripting.Core\Dependencies\DotNetZip\Unity.VisualScripting.IonicZip.dll
Native extension for WindowsStandalone target not found
Native extension for WebGL target not found
Refreshing native plugins compatible for Editor in 1.25 ms, found 3 plugins.
Preloading 0 native plugins for Editor in 0.00 ms.
Mono: successfully reloaded assembly
- Completed reload, in  2.113 seconds
Domain Reload Profiling:
	ReloadAssembly (2115ms)
		BeginReloadAssembly (245ms)
			ExecutionOrderSort (0ms)
			DisableScriptedObjects (8ms)
			BackupInstance (0ms)
			ReleaseScriptingObjects (0ms)
			CreateAndSetChildDomain (55ms)
		EndReloadAssembly (1651ms)
			LoadAssemblies (186ms)
			RebuildTransferFunctionScriptingTraits (0ms)
			SetupTypeCache (552ms)
			ReleaseScriptCaches (2ms)
			RebuildScriptCaches (86ms)
			SetupLoadedEditorAssemblies (744ms)
				LogAssemblyErrors (0ms)
				InitializePlatformSupportModulesInManaged (28ms)
				SetLoadedEditorAssemblies (1ms)
				RefreshPlugins (1ms)
				BeforeProcessingInitializeOnLoad (147ms)
				ProcessInitializeOnLoadAttributes (483ms)
				ProcessInitializeOnLoadMethodAttributes (65ms)
				AfterProcessingInitializeOnLoad (20ms)
				EditorAssembliesLoaded (0ms)
			ExecutionOrderSort2 (0ms)
			AwakeInstancesAfterBackupRestoration (17ms)
Platform modules already initialized, skipping
Refreshing native plugins compatible for Editor in 8.68 ms, found 3 plugins.
Preloading 0 native plugins for Editor in 0.00 ms.
Unloading 3538 Unused Serialized files (Serialized files now loaded: 0)
Unloading 21 unused Assets / (149.2 KB). Loaded Objects now: 4195.
Memory consumption went from 139.4 MB to 139.2 MB.
Total: 8.810600 ms (FindLiveObjects: 0.633000 ms CreateObjectMapping: 0.417900 ms MarkObjects: 7.510100 ms  DeleteObjects: 0.246700 ms)

AssetImportParameters requested are different than current active one (requested -> active):
  custom:video-decoder-ogg-theora: a1e56fd34408186e4bbccfd4996cb3dc -> 
  custom:container-muxer-webm: aa71ff27fc2769a1b78a27578f13a17b -> 
  custom:container-demuxer-webm: 4f35f7cbe854078d1ac9338744f61a02 -> 
  custom:video-encoder-webm-vp8: eb34c28f22e8b96e1ab97ce403110664 -> 
  custom:audio-encoder-webm-vorbis: bf7c407c2cedff20999df2af8eb42d56 -> 
  custom:framework-win-MediaFoundation: 216162199b28c13a410421893ffa2e32 -> 
  custom:container-demuxer-ogg: 62fdf1f143b41e24485cea50d1cbac27 -> 
  custom:video-decoder-webm-vp8: 9c59270c3fd7afecdb556c50c9e8de78 -> 
  custom:audio-decoder-ogg-vorbis: bf7c407c2cedff20999df2af8eb42d56 -> 
========================================================================
Received Prepare
Registering precompiled user dll's ...
Registered in 0.016785 seconds.
Begin MonoManager ReloadAssembly
Symbol file LoadedFromMemory doesn't match image C:\Users\Henry Fabritius\3D_Boss_Fight\Library\PackageCache\com.unity.visualscripting@1.7.8\Editor\VisualScripting.Core\Dependencies\YamlDotNet\Unity.VisualScripting.YamlDotNet.dll
Symbol file LoadedFromMemory doesn't match image C:\Users\Henry Fabritius\3D_Boss_Fight\Library\PackageCache\com.unity.visualscripting@1.7.8\Editor\VisualScripting.Core\Dependencies\DotNetZip\Unity.VisualScripting.IonicZip.dll
Native extension for WindowsStandalone target not found
Native extension for WebGL target not found
Refreshing native plugins compatible for Editor in 2.66 ms, found 3 plugins.
Preloading 0 native plugins for Editor in 0.00 ms.
Mono: successfully reloaded assembly
- Completed reload, in  2.898 seconds
Domain Reload Profiling:
	ReloadAssembly (2900ms)
		BeginReloadAssembly (251ms)
			ExecutionOrderSort (0ms)
			DisableScriptedObjects (8ms)
			BackupInstance (0ms)
			ReleaseScriptingObjects (0ms)
			CreateAndSetChildDomain (63ms)
		EndReloadAssembly (2420ms)
			LoadAssemblies (183ms)
			RebuildTransferFunctionScriptingTraits (0ms)
			SetupTypeCache (529ms)
			ReleaseScriptCaches (2ms)
			RebuildScriptCaches (127ms)
			SetupLoadedEditorAssemblies (1224ms)
				LogAssemblyErrors (0ms)
				InitializePlatformSupportModulesInManaged (75ms)
				SetLoadedEditorAssemblies (3ms)
				RefreshPlugins (3ms)
				BeforeProcessingInitializeOnLoad (390ms)
				ProcessInitializeOnLoadAttributes (624ms)
				ProcessInitializeOnLoadMethodAttributes (71ms)
				AfterProcessingInitializeOnLoad (59ms)
				EditorAssembliesLoaded (1ms)
			ExecutionOrderSort2 (0ms)
			AwakeInstancesAfterBackupRestoration (35ms)
Platform modules already initialized, skipping
Refreshing native plugins compatible for Editor in 3.83 ms, found 3 plugins.
Preloading 0 native plugins for Editor in 0.00 ms.
Unloading 3538 Unused Serialized files (Serialized files now loaded: 0)
Unloading 21 unused Assets / (149.3 KB). Loaded Objects now: 4210.
Memory consumption went from 139.4 MB to 139.3 MB.
Total: 8.409100 ms (FindLiveObjects: 0.500600 ms CreateObjectMapping: 0.388500 ms MarkObjects: 7.356800 ms  DeleteObjects: 0.161800 ms)

AssetImportParameters requested are different than current active one (requested -> active):
  custom:video-decoder-ogg-theora: a1e56fd34408186e4bbccfd4996cb3dc -> 
  custom:container-muxer-webm: aa71ff27fc2769a1b78a27578f13a17b -> 
  custom:container-demuxer-webm: 4f35f7cbe854078d1ac9338744f61a02 -> 
  custom:video-encoder-webm-vp8: eb34c28f22e8b96e1ab97ce403110664 -> 
  custom:audio-encoder-webm-vorbis: bf7c407c2cedff20999df2af8eb42d56 -> 
  custom:framework-win-MediaFoundation: 216162199b28c13a410421893ffa2e32 -> 
  custom:container-demuxer-ogg: 62fdf1f143b41e24485cea50d1cbac27 -> 
  custom:video-decoder-webm-vp8: 9c59270c3fd7afecdb556c50c9e8de78 -> 
  custom:audio-decoder-ogg-vorbis: bf7c407c2cedff20999df2af8eb42d56 -> 
========================================================================
Received Prepare
Registering precompiled user dll's ...
Registered in 0.016168 seconds.
Begin MonoManager ReloadAssembly
Symbol file LoadedFromMemory doesn't match image C:\Users\Henry Fabritius\3D_Boss_Fight\Library\PackageCache\com.unity.visualscripting@1.7.8\Editor\VisualScripting.Core\Dependencies\YamlDotNet\Unity.VisualScripting.YamlDotNet.dll
Symbol file LoadedFromMemory doesn't match image C:\Users\Henry Fabritius\3D_Boss_Fight\Library\PackageCache\com.unity.visualscripting@1.7.8\Editor\VisualScripting.Core\Dependencies\DotNetZip\Unity.VisualScripting.IonicZip.dll
Native extension for WindowsStandalone target not found
Native extension for WebGL target not found
Refreshing native plugins compatible for Editor in 0.76 ms, found 3 plugins.
Preloading 0 native plugins for Editor in 0.00 ms.
Mono: successfully reloaded assembly
- Completed reload, in  2.537 seconds
Domain Reload Profiling:
	ReloadAssembly (2538ms)
		BeginReloadAssembly (266ms)
			ExecutionOrderSort (0ms)
			DisableScriptedObjects (9ms)
			BackupInstance (0ms)
			ReleaseScriptingObjects (0ms)
			CreateAndSetChildDomain (60ms)
		EndReloadAssembly (2036ms)
			LoadAssemblies (190ms)
			RebuildTransferFunctionScriptingTraits (0ms)
			SetupTypeCache (601ms)
			ReleaseScriptCaches (4ms)
			RebuildScriptCaches (182ms)
			SetupLoadedEditorAssemblies (914ms)
				LogAssemblyErrors (0ms)
				InitializePlatformSupportModulesInManaged (28ms)
				SetLoadedEditorAssemblies (1ms)
				RefreshPlugins (1ms)
				BeforeProcessingInitializeOnLoad (151ms)
				ProcessInitializeOnLoadAttributes (656ms)
				ProcessInitializeOnLoadMethodAttributes (55ms)
				AfterProcessingInitializeOnLoad (21ms)
				EditorAssembliesLoaded (0ms)
			ExecutionOrderSort2 (0ms)
			AwakeInstancesAfterBackupRestoration (16ms)
Platform modules already initialized, skipping
Refreshing native plugins compatible for Editor in 3.61 ms, found 3 plugins.
Preloading 0 native plugins for Editor in 0.00 ms.
Unloading 3538 Unused Serialized files (Serialized files now loaded: 0)
Unloading 21 unused Assets / (149.4 KB). Loaded Objects now: 4225.
Memory consumption went from 139.4 MB to 139.3 MB.
Total: 4.603400 ms (FindLiveObjects: 0.387100 ms CreateObjectMapping: 0.278100 ms MarkObjects: 3.809300 ms  DeleteObjects: 0.127800 ms)

AssetImportParameters requested are different than current active one (requested -> active):
  custom:video-decoder-ogg-theora: a1e56fd34408186e4bbccfd4996cb3dc -> 
  custom:container-muxer-webm: aa71ff27fc2769a1b78a27578f13a17b -> 
  custom:container-demuxer-webm: 4f35f7cbe854078d1ac9338744f61a02 -> 
  custom:video-encoder-webm-vp8: eb34c28f22e8b96e1ab97ce403110664 -> 
  custom:audio-encoder-webm-vorbis: bf7c407c2cedff20999df2af8eb42d56 -> 
  custom:framework-win-MediaFoundation: 216162199b28c13a410421893ffa2e32 -> 
  custom:container-demuxer-ogg: 62fdf1f143b41e24485cea50d1cbac27 -> 
  custom:video-decoder-webm-vp8: 9c59270c3fd7afecdb556c50c9e8de78 -> 
  custom:audio-decoder-ogg-vorbis: bf7c407c2cedff20999df2af8eb42d56 -> 
========================================================================
Received Prepare
Registering precompiled user dll's ...
Registered in 0.016948 seconds.
Begin MonoManager ReloadAssembly
Symbol file LoadedFromMemory doesn't match image C:\Users\Henry Fabritius\3D_Boss_Fight\Library\PackageCache\com.unity.visualscripting@1.7.8\Editor\VisualScripting.Core\Dependencies\YamlDotNet\Unity.VisualScripting.YamlDotNet.dll
Symbol file LoadedFromMemory doesn't match image C:\Users\Henry Fabritius\3D_Boss_Fight\Library\PackageCache\com.unity.visualscripting@1.7.8\Editor\VisualScripting.Core\Dependencies\DotNetZip\Unity.VisualScripting.IonicZip.dll
Native extension for WindowsStandalone target not found
Native extension for WebGL target not found
Refreshing native plugins compatible for Editor in 2.13 ms, found 3 plugins.
Preloading 0 native plugins for Editor in 0.00 ms.
Mono: successfully reloaded assembly
- Completed reload, in  2.334 seconds
Domain Reload Profiling:
	ReloadAssembly (2335ms)
		BeginReloadAssembly (250ms)
			ExecutionOrderSort (0ms)
			DisableScriptedObjects (8ms)
			BackupInstance (0ms)
			ReleaseScriptingObjects (0ms)
			CreateAndSetChildDomain (58ms)
		EndReloadAssembly (1877ms)
			LoadAssemblies (181ms)
			RebuildTransferFunctionScriptingTraits (0ms)
			SetupTypeCache (568ms)
			ReleaseScriptCaches (2ms)
			RebuildScriptCaches (101ms)
			SetupLoadedEditorAssemblies (945ms)
				LogAssemblyErrors (0ms)
				InitializePlatformSupportModulesInManaged (30ms)
				SetLoadedEditorAssemblies (1ms)
				RefreshPlugins (2ms)
				BeforeProcessingInitializeOnLoad (149ms)
				ProcessInitializeOnLoadAttributes (692ms)
				ProcessInitializeOnLoadMethodAttributes (51ms)
				AfterProcessingInitializeOnLoad (20ms)
				EditorAssembliesLoaded (0ms)
			ExecutionOrderSort2 (0ms)
			AwakeInstancesAfterBackupRestoration (11ms)
Platform modules already initialized, skipping
Refreshing native plugins compatible for Editor in 6.83 ms, found 3 plugins.
Preloading 0 native plugins for Editor in 0.00 ms.
Unloading 3538 Unused Serialized files (Serialized files now loaded: 0)
Unloading 21 unused Assets / (149.2 KB). Loaded Objects now: 4240.
Memory consumption went from 139.4 MB to 139.3 MB.
Total: 10.968500 ms (FindLiveObjects: 0.622600 ms CreateObjectMapping: 0.388100 ms MarkObjects: 9.742100 ms  DeleteObjects: 0.213200 ms)

AssetImportParameters requested are different than current active one (requested -> active):
  custom:video-decoder-ogg-theora: a1e56fd34408186e4bbccfd4996cb3dc -> 
  custom:container-muxer-webm: aa71ff27fc2769a1b78a27578f13a17b -> 
  custom:container-demuxer-webm: 4f35f7cbe854078d1ac9338744f61a02 -> 
  custom:video-encoder-webm-vp8: eb34c28f22e8b96e1ab97ce403110664 -> 
  custom:audio-encoder-webm-vorbis: bf7c407c2cedff20999df2af8eb42d56 -> 
  custom:framework-win-MediaFoundation: 216162199b28c13a410421893ffa2e32 -> 
  custom:container-demuxer-ogg: 62fdf1f143b41e24485cea50d1cbac27 -> 
  custom:video-decoder-webm-vp8: 9c59270c3fd7afecdb556c50c9e8de78 -> 
  custom:audio-decoder-ogg-vorbis: bf7c407c2cedff20999df2af8eb42d56 -> 
========================================================================
Received Prepare
Registering precompiled user dll's ...
Registered in 0.018464 seconds.
Begin MonoManager ReloadAssembly
Symbol file LoadedFromMemory doesn't match image C:\Users\Henry Fabritius\3D_Boss_Fight\Library\PackageCache\com.unity.visualscripting@1.7.8\Editor\VisualScripting.Core\Dependencies\YamlDotNet\Unity.VisualScripting.YamlDotNet.dll
Symbol file LoadedFromMemory doesn't match image C:\Users\Henry Fabritius\3D_Boss_Fight\Library\PackageCache\com.unity.visualscripting@1.7.8\Editor\VisualScripting.Core\Dependencies\DotNetZip\Unity.VisualScripting.IonicZip.dll
Native extension for WindowsStandalone target not found
Native extension for WebGL target not found
Refreshing native plugins compatible for Editor in 0.88 ms, found 3 plugins.
Preloading 0 native plugins for Editor in 0.00 ms.
Mono: successfully reloaded assembly
- Completed reload, in  2.912 seconds
Domain Reload Profiling:
	ReloadAssembly (2913ms)
		BeginReloadAssembly (290ms)
			ExecutionOrderSort (0ms)
			DisableScriptedObjects (9ms)
			BackupInstance (0ms)
			ReleaseScriptingObjects (0ms)
			CreateAndSetChildDomain (62ms)
		EndReloadAssembly (2390ms)
			LoadAssemblies (217ms)
			RebuildTransferFunctionScriptingTraits (0ms)
			SetupTypeCache (618ms)
			ReleaseScriptCaches (3ms)
			RebuildScriptCaches (192ms)
			SetupLoadedEditorAssemblies (1204ms)
				LogAssemblyErrors (0ms)
				InitializePlatformSupportModulesInManaged (30ms)
				SetLoadedEditorAssemblies (1ms)
				RefreshPlugins (1ms)
				BeforeProcessingInitializeOnLoad (173ms)
				ProcessInitializeOnLoadAttributes (877ms)
				ProcessInitializeOnLoadMethodAttributes (77ms)
				AfterProcessingInitializeOnLoad (45ms)
				EditorAssembliesLoaded (1ms)
			ExecutionOrderSort2 (0ms)
			AwakeInstancesAfterBackupRestoration (28ms)
Platform modules already initialized, skipping
Refreshing native plugins compatible for Editor in 6.67 ms, found 3 plugins.
Preloading 0 native plugins for Editor in 0.00 ms.
Unloading 3538 Unused Serialized files (Serialized files now loaded: 0)
Unloading 21 unused Assets / (149.2 KB). Loaded Objects now: 4255.
Memory consumption went from 139.4 MB to 139.3 MB.
Total: 8.742000 ms (FindLiveObjects: 0.554800 ms CreateObjectMapping: 0.354500 ms MarkObjects: 7.597400 ms  DeleteObjects: 0.233400 ms)

AssetImportParameters requested are different than current active one (requested -> active):
  custom:video-decoder-ogg-theora: a1e56fd34408186e4bbccfd4996cb3dc -> 
  custom:container-muxer-webm: aa71ff27fc2769a1b78a27578f13a17b -> 
  custom:container-demuxer-webm: 4f35f7cbe854078d1ac9338744f61a02 -> 
  custom:video-encoder-webm-vp8: eb34c28f22e8b96e1ab97ce403110664 -> 
  custom:audio-encoder-webm-vorbis: bf7c407c2cedff20999df2af8eb42d56 -> 
  custom:framework-win-MediaFoundation: 216162199b28c13a410421893ffa2e32 -> 
  custom:container-demuxer-ogg: 62fdf1f143b41e24485cea50d1cbac27 -> 
  custom:video-decoder-webm-vp8: 9c59270c3fd7afecdb556c50c9e8de78 -> 
  custom:audio-decoder-ogg-vorbis: bf7c407c2cedff20999df2af8eb42d56 -> 
========================================================================
Received Prepare
Registering precompiled user dll's ...
Registered in 0.015250 seconds.
Begin MonoManager ReloadAssembly
Symbol file LoadedFromMemory doesn't match image C:\Users\Henry Fabritius\3D_Boss_Fight\Library\PackageCache\com.unity.visualscripting@1.7.8\Editor\VisualScripting.Core\Dependencies\YamlDotNet\Unity.VisualScripting.YamlDotNet.dll
Symbol file LoadedFromMemory doesn't match image C:\Users\Henry Fabritius\3D_Boss_Fight\Library\PackageCache\com.unity.visualscripting@1.7.8\Editor\VisualScripting.Core\Dependencies\DotNetZip\Unity.VisualScripting.IonicZip.dll
Native extension for WindowsStandalone target not found
Native extension for WebGL target not found
Refreshing native plugins compatible for Editor in 0.76 ms, found 3 plugins.
Preloading 0 native plugins for Editor in 0.00 ms.
Mono: successfully reloaded assembly
- Completed reload, in  3.184 seconds
Domain Reload Profiling:
	ReloadAssembly (3187ms)
		BeginReloadAssembly (262ms)
			ExecutionOrderSort (0ms)
			DisableScriptedObjects (9ms)
			BackupInstance (0ms)
			ReleaseScriptingObjects (0ms)
			CreateAndSetChildDomain (58ms)
		EndReloadAssembly (2686ms)
			LoadAssemblies (195ms)
			RebuildTransferFunctionScriptingTraits (0ms)
			SetupTypeCache (786ms)
			ReleaseScriptCaches (4ms)
			RebuildScriptCaches (182ms)
			SetupLoadedEditorAssemblies (1338ms)
				LogAssemblyErrors (0ms)
				InitializePlatformSupportModulesInManaged (28ms)
				SetLoadedEditorAssemblies (1ms)
				RefreshPlugins (1ms)
				BeforeProcessingInitializeOnLoad (273ms)
				ProcessInitializeOnLoadAttributes (919ms)
				ProcessInitializeOnLoadMethodAttributes (82ms)
				AfterProcessingInitializeOnLoad (33ms)
				EditorAssembliesLoaded (0ms)
			ExecutionOrderSort2 (0ms)
			AwakeInstancesAfterBackupRestoration (30ms)
Platform modules already initialized, skipping
Refreshing native plugins compatible for Editor in 4.27 ms, found 3 plugins.
Preloading 0 native plugins for Editor in 0.00 ms.
Unloading 3538 Unused Serialized files (Serialized files now loaded: 0)
Unloading 21 unused Assets / (149.3 KB). Loaded Objects now: 4270.
Memory consumption went from 139.5 MB to 139.3 MB.
Total: 5.240400 ms (FindLiveObjects: 0.371500 ms CreateObjectMapping: 0.230100 ms MarkObjects: 4.432500 ms  DeleteObjects: 0.205100 ms)

AssetImportParameters requested are different than current active one (requested -> active):
  custom:video-decoder-ogg-theora: a1e56fd34408186e4bbccfd4996cb3dc -> 
  custom:container-muxer-webm: aa71ff27fc2769a1b78a27578f13a17b -> 
  custom:container-demuxer-webm: 4f35f7cbe854078d1ac9338744f61a02 -> 
  custom:video-encoder-webm-vp8: eb34c28f22e8b96e1ab97ce403110664 -> 
  custom:audio-encoder-webm-vorbis: bf7c407c2cedff20999df2af8eb42d56 -> 
  custom:framework-win-MediaFoundation: 216162199b28c13a410421893ffa2e32 -> 
  custom:container-demuxer-ogg: 62fdf1f143b41e24485cea50d1cbac27 -> 
  custom:video-decoder-webm-vp8: 9c59270c3fd7afecdb556c50c9e8de78 -> 
  custom:audio-decoder-ogg-vorbis: bf7c407c2cedff20999df2af8eb42d56 -> 
========================================================================
Received Prepare
Registering precompiled user dll's ...
Registered in 0.018846 seconds.
Begin MonoManager ReloadAssembly
Symbol file LoadedFromMemory doesn't match image C:\Users\Henry Fabritius\3D_Boss_Fight\Library\PackageCache\com.unity.visualscripting@1.7.8\Editor\VisualScripting.Core\Dependencies\YamlDotNet\Unity.VisualScripting.YamlDotNet.dll
Symbol file LoadedFromMemory doesn't match image C:\Users\Henry Fabritius\3D_Boss_Fight\Library\PackageCache\com.unity.visualscripting@1.7.8\Editor\VisualScripting.Core\Dependencies\DotNetZip\Unity.VisualScripting.IonicZip.dll
Native extension for WindowsStandalone target not found
Native extension for WebGL target not found
Refreshing native plugins compatible for Editor in 1.17 ms, found 3 plugins.
Preloading 0 native plugins for Editor in 0.00 ms.
Mono: successfully reloaded assembly
- Completed reload, in  3.259 seconds
Domain Reload Profiling:
	ReloadAssembly (3261ms)
		BeginReloadAssembly (266ms)
			ExecutionOrderSort (0ms)
			DisableScriptedObjects (9ms)
			BackupInstance (0ms)
			ReleaseScriptingObjects (0ms)
			CreateAndSetChildDomain (61ms)
		EndReloadAssembly (2800ms)
			LoadAssemblies (193ms)
			RebuildTransferFunctionScriptingTraits (0ms)
			SetupTypeCache (911ms)
			ReleaseScriptCaches (2ms)
			RebuildScriptCaches (132ms)
			SetupLoadedEditorAssemblies (1368ms)
				LogAssemblyErrors (0ms)
				InitializePlatformSupportModulesInManaged (51ms)
				SetLoadedEditorAssemblies (1ms)
				RefreshPlugins (1ms)
				BeforeProcessingInitializeOnLoad (263ms)
				ProcessInitializeOnLoadAttributes (958ms)
				ProcessInitializeOnLoadMethodAttributes (62ms)
				AfterProcessingInitializeOnLoad (30ms)
				EditorAssembliesLoaded (1ms)
			ExecutionOrderSort2 (0ms)
			AwakeInstancesAfterBackupRestoration (22ms)
Platform modules already initialized, skipping
Refreshing native plugins compatible for Editor in 8.76 ms, found 3 plugins.
Preloading 0 native plugins for Editor in 0.00 ms.
Unloading 3538 Unused Serialized files (Serialized files now loaded: 0)
Unloading 21 unused Assets / (149.3 KB). Loaded Objects now: 4285.
Memory consumption went from 139.5 MB to 139.3 MB.
Total: 8.246400 ms (FindLiveObjects: 0.539600 ms CreateObjectMapping: 0.363300 ms MarkObjects: 7.139900 ms  DeleteObjects: 0.201600 ms)

AssetImportParameters requested are different than current active one (requested -> active):
  custom:video-decoder-ogg-theora: a1e56fd34408186e4bbccfd4996cb3dc -> 
  custom:container-muxer-webm: aa71ff27fc2769a1b78a27578f13a17b -> 
  custom:container-demuxer-webm: 4f35f7cbe854078d1ac9338744f61a02 -> 
  custom:video-encoder-webm-vp8: eb34c28f22e8b96e1ab97ce403110664 -> 
  custom:audio-encoder-webm-vorbis: bf7c407c2cedff20999df2af8eb42d56 -> 
  custom:framework-win-MediaFoundation: 216162199b28c13a410421893ffa2e32 -> 
  custom:container-demuxer-ogg: 62fdf1f143b41e24485cea50d1cbac27 -> 
  custom:video-decoder-webm-vp8: 9c59270c3fd7afecdb556c50c9e8de78 -> 
  custom:audio-decoder-ogg-vorbis: bf7c407c2cedff20999df2af8eb42d56 -> 
========================================================================
Received Prepare
Registering precompiled user dll's ...
Registered in 0.014453 seconds.
Begin MonoManager ReloadAssembly
Symbol file LoadedFromMemory doesn't match image C:\Users\Henry Fabritius\3D_Boss_Fight\Library\PackageCache\com.unity.visualscripting@1.7.8\Editor\VisualScripting.Core\Dependencies\YamlDotNet\Unity.VisualScripting.YamlDotNet.dll
Symbol file LoadedFromMemory doesn't match image C:\Users\Henry Fabritius\3D_Boss_Fight\Library\PackageCache\com.unity.visualscripting@1.7.8\Editor\VisualScripting.Core\Dependencies\DotNetZip\Unity.VisualScripting.IonicZip.dll
Native extension for WindowsStandalone target not found
Native extension for WebGL target not found
Refreshing native plugins compatible for Editor in 1.27 ms, found 3 plugins.
Preloading 0 native plugins for Editor in 0.00 ms.
Mono: successfully reloaded assembly
- Completed reload, in  3.812 seconds
Domain Reload Profiling:
	ReloadAssembly (3815ms)
		BeginReloadAssembly (429ms)
			ExecutionOrderSort (0ms)
			DisableScriptedObjects (22ms)
			BackupInstance (0ms)
			ReleaseScriptingObjects (0ms)
			CreateAndSetChildDomain (87ms)
		EndReloadAssembly (2967ms)
			LoadAssemblies (325ms)
			RebuildTransferFunctionScriptingTraits (0ms)
			SetupTypeCache (1016ms)
			ReleaseScriptCaches (4ms)
			RebuildScriptCaches (168ms)
			SetupLoadedEditorAssemblies (1314ms)
				LogAssemblyErrors (0ms)
				InitializePlatformSupportModulesInManaged (45ms)
				SetLoadedEditorAssemblies (2ms)
				RefreshPlugins (1ms)
				BeforeProcessingInitializeOnLoad (285ms)
				ProcessInitializeOnLoadAttributes (815ms)
				ProcessInitializeOnLoadMethodAttributes (120ms)
				AfterProcessingInitializeOnLoad (44ms)
				EditorAssembliesLoaded (0ms)
			ExecutionOrderSort2 (0ms)
			AwakeInstancesAfterBackupRestoration (27ms)
Platform modules already initialized, skipping
Refreshing native plugins compatible for Editor in 8.74 ms, found 3 plugins.
Preloading 0 native plugins for Editor in 0.00 ms.
Unloading 3538 Unused Serialized files (Serialized files now loaded: 0)
Unloading 21 unused Assets / (149.2 KB). Loaded Objects now: 4300.
Memory consumption went from 139.5 MB to 139.4 MB.
Total: 7.196000 ms (FindLiveObjects: 0.680900 ms CreateObjectMapping: 0.530800 ms MarkObjects: 5.795700 ms  DeleteObjects: 0.186500 ms)

AssetImportParameters requested are different than current active one (requested -> active):
  custom:video-decoder-ogg-theora: a1e56fd34408186e4bbccfd4996cb3dc -> 
  custom:container-muxer-webm: aa71ff27fc2769a1b78a27578f13a17b -> 
  custom:container-demuxer-webm: 4f35f7cbe854078d1ac9338744f61a02 -> 
  custom:video-encoder-webm-vp8: eb34c28f22e8b96e1ab97ce403110664 -> 
  custom:audio-encoder-webm-vorbis: bf7c407c2cedff20999df2af8eb42d56 -> 
  custom:framework-win-MediaFoundation: 216162199b28c13a410421893ffa2e32 -> 
  custom:container-demuxer-ogg: 62fdf1f143b41e24485cea50d1cbac27 -> 
  custom:video-decoder-webm-vp8: 9c59270c3fd7afecdb556c50c9e8de78 -> 
  custom:audio-decoder-ogg-vorbis: bf7c407c2cedff20999df2af8eb42d56 -> 
========================================================================
Received Prepare
Registering precompiled user dll's ...
Registered in 0.015698 seconds.
Begin MonoManager ReloadAssembly
Symbol file LoadedFromMemory doesn't match image C:\Users\Henry Fabritius\3D_Boss_Fight\Library\PackageCache\com.unity.visualscripting@1.7.8\Editor\VisualScripting.Core\Dependencies\YamlDotNet\Unity.VisualScripting.YamlDotNet.dll
Symbol file LoadedFromMemory doesn't match image C:\Users\Henry Fabritius\3D_Boss_Fight\Library\PackageCache\com.unity.visualscripting@1.7.8\Editor\VisualScripting.Core\Dependencies\DotNetZip\Unity.VisualScripting.IonicZip.dll
Native extension for WindowsStandalone target not found
Native extension for WebGL target not found
Refreshing native plugins compatible for Editor in 0.97 ms, found 3 plugins.
Preloading 0 native plugins for Editor in 0.00 ms.
Mono: successfully reloaded assembly
- Completed reload, in  2.171 seconds
Domain Reload Profiling:
	ReloadAssembly (2172ms)
		BeginReloadAssembly (241ms)
			ExecutionOrderSort (0ms)
			DisableScriptedObjects (9ms)
			BackupInstance (0ms)
			ReleaseScriptingObjects (0ms)
			CreateAndSetChildDomain (60ms)
		EndReloadAssembly (1727ms)
			LoadAssemblies (169ms)
			RebuildTransferFunctionScriptingTraits (0ms)
			SetupTypeCache (511ms)
			ReleaseScriptCaches (2ms)
			RebuildScriptCaches (81ms)
			SetupLoadedEditorAssemblies (870ms)
				LogAssemblyErrors (0ms)
				InitializePlatformSupportModulesInManaged (40ms)
				SetLoadedEditorAssemblies (1ms)
				RefreshPlugins (1ms)
				BeforeProcessingInitializeOnLoad (213ms)
				ProcessInitializeOnLoadAttributes (541ms)
				ProcessInitializeOnLoadMethodAttributes (51ms)
				AfterProcessingInitializeOnLoad (22ms)
				EditorAssembliesLoaded (0ms)
			ExecutionOrderSort2 (0ms)
			AwakeInstancesAfterBackupRestoration (11ms)
Platform modules already initialized, skipping
Refreshing native plugins compatible for Editor in 4.78 ms, found 3 plugins.
Preloading 0 native plugins for Editor in 0.00 ms.
Unloading 3538 Unused Serialized files (Serialized files now loaded: 0)
Unloading 21 unused Assets / (149.3 KB). Loaded Objects now: 4315.
Memory consumption went from 139.5 MB to 139.4 MB.
Total: 4.823700 ms (FindLiveObjects: 0.382500 ms CreateObjectMapping: 0.389800 ms MarkObjects: 3.917300 ms  DeleteObjects: 0.132700 ms)

AssetImportParameters requested are different than current active one (requested -> active):
  custom:video-decoder-ogg-theora: a1e56fd34408186e4bbccfd4996cb3dc -> 
  custom:container-muxer-webm: aa71ff27fc2769a1b78a27578f13a17b -> 
  custom:container-demuxer-webm: 4f35f7cbe854078d1ac9338744f61a02 -> 
  custom:video-encoder-webm-vp8: eb34c28f22e8b96e1ab97ce403110664 -> 
  custom:audio-encoder-webm-vorbis: bf7c407c2cedff20999df2af8eb42d56 -> 
  custom:framework-win-MediaFoundation: 216162199b28c13a410421893ffa2e32 -> 
  custom:container-demuxer-ogg: 62fdf1f143b41e24485cea50d1cbac27 -> 
  custom:video-decoder-webm-vp8: 9c59270c3fd7afecdb556c50c9e8de78 -> 
  custom:audio-decoder-ogg-vorbis: bf7c407c2cedff20999df2af8eb42d56 -> 
========================================================================
Received Prepare
Registering precompiled user dll's ...
Registered in 0.013842 seconds.
Begin MonoManager ReloadAssembly
Symbol file LoadedFromMemory doesn't match image C:\Users\Henry Fabritius\3D_Boss_Fight\Library\PackageCache\com.unity.visualscripting@1.7.8\Editor\VisualScripting.Core\Dependencies\YamlDotNet\Unity.VisualScripting.YamlDotNet.dll
Symbol file LoadedFromMemory doesn't match image C:\Users\Henry Fabritius\3D_Boss_Fight\Library\PackageCache\com.unity.visualscripting@1.7.8\Editor\VisualScripting.Core\Dependencies\DotNetZip\Unity.VisualScripting.IonicZip.dll
Native extension for WindowsStandalone target not found
Native extension for WebGL target not found
Refreshing native plugins compatible for Editor in 1.15 ms, found 3 plugins.
Preloading 0 native plugins for Editor in 0.00 ms.
Mono: successfully reloaded assembly
- Completed reload, in  2.344 seconds
Domain Reload Profiling:
	ReloadAssembly (2345ms)
		BeginReloadAssembly (256ms)
			ExecutionOrderSort (0ms)
			DisableScriptedObjects (10ms)
			BackupInstance (0ms)
			ReleaseScriptingObjects (0ms)
			CreateAndSetChildDomain (62ms)
		EndReloadAssembly (1881ms)
			LoadAssemblies (176ms)
			RebuildTransferFunctionScriptingTraits (0ms)
			SetupTypeCache (544ms)
			ReleaseScriptCaches (2ms)
			RebuildScriptCaches (88ms)
			SetupLoadedEditorAssemblies (980ms)
				LogAssemblyErrors (0ms)
				InitializePlatformSupportModulesInManaged (38ms)
				SetLoadedEditorAssemblies (1ms)
				RefreshPlugins (1ms)
				BeforeProcessingInitializeOnLoad (189ms)
				ProcessInitializeOnLoadAttributes (662ms)
				ProcessInitializeOnLoadMethodAttributes (62ms)
				AfterProcessingInitializeOnLoad (25ms)
				EditorAssembliesLoaded (0ms)
			ExecutionOrderSort2 (0ms)
			AwakeInstancesAfterBackupRestoration (17ms)
Platform modules already initialized, skipping
Refreshing native plugins compatible for Editor in 6.81 ms, found 3 plugins.
Preloading 0 native plugins for Editor in 0.00 ms.
Unloading 3538 Unused Serialized files (Serialized files now loaded: 0)
Unloading 21 unused Assets / (149.3 KB). Loaded Objects now: 4330.
Memory consumption went from 139.5 MB to 139.4 MB.
Total: 8.279400 ms (FindLiveObjects: 0.468200 ms CreateObjectMapping: 0.422000 ms MarkObjects: 7.094600 ms  DeleteObjects: 0.292600 ms)

AssetImportParameters requested are different than current active one (requested -> active):
  custom:video-decoder-ogg-theora: a1e56fd34408186e4bbccfd4996cb3dc -> 
  custom:container-muxer-webm: aa71ff27fc2769a1b78a27578f13a17b -> 
  custom:container-demuxer-webm: 4f35f7cbe854078d1ac9338744f61a02 -> 
  custom:video-encoder-webm-vp8: eb34c28f22e8b96e1ab97ce403110664 -> 
  custom:audio-encoder-webm-vorbis: bf7c407c2cedff20999df2af8eb42d56 -> 
  custom:framework-win-MediaFoundation: 216162199b28c13a410421893ffa2e32 -> 
  custom:container-demuxer-ogg: 62fdf1f143b41e24485cea50d1cbac27 -> 
  custom:video-decoder-webm-vp8: 9c59270c3fd7afecdb556c50c9e8de78 -> 
  custom:audio-decoder-ogg-vorbis: bf7c407c2cedff20999df2af8eb42d56 -> 
========================================================================
Received Prepare
Registering precompiled user dll's ...
Registered in 0.016717 seconds.
Begin MonoManager ReloadAssembly
Symbol file LoadedFromMemory doesn't match image C:\Users\Henry Fabritius\3D_Boss_Fight\Library\PackageCache\com.unity.visualscripting@1.7.8\Editor\VisualScripting.Core\Dependencies\YamlDotNet\Unity.VisualScripting.YamlDotNet.dll
Symbol file LoadedFromMemory doesn't match image C:\Users\Henry Fabritius\3D_Boss_Fight\Library\PackageCache\com.unity.visualscripting@1.7.8\Editor\VisualScripting.Core\Dependencies\DotNetZip\Unity.VisualScripting.IonicZip.dll
Native extension for WindowsStandalone target not found
Native extension for WebGL target not found
Refreshing native plugins compatible for Editor in 0.94 ms, found 3 plugins.
Preloading 0 native plugins for Editor in 0.00 ms.
Mono: successfully reloaded assembly
- Completed reload, in  2.312 seconds
Domain Reload Profiling:
	ReloadAssembly (2313ms)
		BeginReloadAssembly (244ms)
			ExecutionOrderSort (0ms)
			DisableScriptedObjects (8ms)
			BackupInstance (0ms)
			ReleaseScriptingObjects (0ms)
			CreateAndSetChildDomain (58ms)
		EndReloadAssembly (1682ms)
			LoadAssemblies (186ms)
			RebuildTransferFunctionScriptingTraits (0ms)
			SetupTypeCache (551ms)
			ReleaseScriptCaches (2ms)
			RebuildScriptCaches (89ms)
			SetupLoadedEditorAssemblies (781ms)
				LogAssemblyErrors (0ms)
				InitializePlatformSupportModulesInManaged (27ms)
				SetLoadedEditorAssemblies (1ms)
				RefreshPlugins (1ms)
				BeforeProcessingInitializeOnLoad (168ms)
				ProcessInitializeOnLoadAttributes (506ms)
				ProcessInitializeOnLoadMethodAttributes (54ms)
				AfterProcessingInitializeOnLoad (24ms)
				EditorAssembliesLoaded (0ms)
			ExecutionOrderSort2 (0ms)
			AwakeInstancesAfterBackupRestoration (12ms)
Platform modules already initialized, skipping
Refreshing native plugins compatible for Editor in 4.17 ms, found 3 plugins.
Preloading 0 native plugins for Editor in 0.00 ms.
Unloading 3538 Unused Serialized files (Serialized files now loaded: 0)
Unloading 21 unused Assets / (149.4 KB). Loaded Objects now: 4345.
Memory consumption went from 139.6 MB to 139.4 MB.
Total: 8.263400 ms (FindLiveObjects: 0.785900 ms CreateObjectMapping: 0.511300 ms MarkObjects: 6.809200 ms  DeleteObjects: 0.155000 ms)

AssetImportParameters requested are different than current active one (requested -> active):
  custom:video-decoder-ogg-theora: a1e56fd34408186e4bbccfd4996cb3dc -> 
  custom:container-muxer-webm: aa71ff27fc2769a1b78a27578f13a17b -> 
  custom:container-demuxer-webm: 4f35f7cbe854078d1ac9338744f61a02 -> 
  custom:video-encoder-webm-vp8: eb34c28f22e8b96e1ab97ce403110664 -> 
  custom:audio-encoder-webm-vorbis: bf7c407c2cedff20999df2af8eb42d56 -> 
  custom:framework-win-MediaFoundation: 216162199b28c13a410421893ffa2e32 -> 
  custom:container-demuxer-ogg: 62fdf1f143b41e24485cea50d1cbac27 -> 
  custom:video-decoder-webm-vp8: 9c59270c3fd7afecdb556c50c9e8de78 -> 
  custom:audio-decoder-ogg-vorbis: bf7c407c2cedff20999df2af8eb42d56 -> 
========================================================================
Received Prepare
Registering precompiled user dll's ...
Registered in 0.015990 seconds.
Begin MonoManager ReloadAssembly
Symbol file LoadedFromMemory doesn't match image C:\Users\Henry Fabritius\3D_Boss_Fight\Library\PackageCache\com.unity.visualscripting@1.7.8\Editor\VisualScripting.Core\Dependencies\YamlDotNet\Unity.VisualScripting.YamlDotNet.dll
Symbol file LoadedFromMemory doesn't match image C:\Users\Henry Fabritius\3D_Boss_Fight\Library\PackageCache\com.unity.visualscripting@1.7.8\Editor\VisualScripting.Core\Dependencies\DotNetZip\Unity.VisualScripting.IonicZip.dll
Native extension for WindowsStandalone target not found
Native extension for WebGL target not found
Refreshing native plugins compatible for Editor in 0.76 ms, found 3 plugins.
Preloading 0 native plugins for Editor in 0.00 ms.
Mono: successfully reloaded assembly
- Completed reload, in  2.180 seconds
Domain Reload Profiling:
	ReloadAssembly (2181ms)
		BeginReloadAssembly (272ms)
			ExecutionOrderSort (0ms)
			DisableScriptedObjects (13ms)
			BackupInstance (0ms)
			ReleaseScriptingObjects (0ms)
			CreateAndSetChildDomain (64ms)
		EndReloadAssembly (1698ms)
			LoadAssemblies (180ms)
			RebuildTransferFunctionScriptingTraits (0ms)
			SetupTypeCache (498ms)
			ReleaseScriptCaches (3ms)
			RebuildScriptCaches (130ms)
			SetupLoadedEditorAssemblies (786ms)
				LogAssemblyErrors (0ms)
				InitializePlatformSupportModulesInManaged (26ms)
				SetLoadedEditorAssemblies (1ms)
				RefreshPlugins (1ms)
				BeforeProcessingInitializeOnLoad (152ms)
				ProcessInitializeOnLoadAttributes (473ms)
				ProcessInitializeOnLoadMethodAttributes (95ms)
				AfterProcessingInitializeOnLoad (37ms)
				EditorAssembliesLoaded (1ms)
			ExecutionOrderSort2 (0ms)
			AwakeInstancesAfterBackupRestoration (22ms)
Platform modules already initialized, skipping
Refreshing native plugins compatible for Editor in 3.22 ms, found 3 plugins.
Preloading 0 native plugins for Editor in 0.00 ms.
Unloading 3538 Unused Serialized files (Serialized files now loaded: 0)
Unloading 21 unused Assets / (149.3 KB). Loaded Objects now: 4360.
Memory consumption went from 139.6 MB to 139.4 MB.
Total: 4.048900 ms (FindLiveObjects: 0.354800 ms CreateObjectMapping: 0.211500 ms MarkObjects: 3.360300 ms  DeleteObjects: 0.121200 ms)

AssetImportParameters requested are different than current active one (requested -> active):
  custom:video-decoder-ogg-theora: a1e56fd34408186e4bbccfd4996cb3dc -> 
  custom:container-muxer-webm: aa71ff27fc2769a1b78a27578f13a17b -> 
  custom:container-demuxer-webm: 4f35f7cbe854078d1ac9338744f61a02 -> 
  custom:video-encoder-webm-vp8: eb34c28f22e8b96e1ab97ce403110664 -> 
  custom:audio-encoder-webm-vorbis: bf7c407c2cedff20999df2af8eb42d56 -> 
  custom:framework-win-MediaFoundation: 216162199b28c13a410421893ffa2e32 -> 
  custom:container-demuxer-ogg: 62fdf1f143b41e24485cea50d1cbac27 -> 
  custom:video-decoder-webm-vp8: 9c59270c3fd7afecdb556c50c9e8de78 -> 
  custom:audio-decoder-ogg-vorbis: bf7c407c2cedff20999df2af8eb42d56 -> 
========================================================================
Received Prepare
Registering precompiled user dll's ...
Registered in 0.015016 seconds.
Begin MonoManager ReloadAssembly
Symbol file LoadedFromMemory doesn't match image C:\Users\Henry Fabritius\3D_Boss_Fight\Library\PackageCache\com.unity.visualscripting@1.7.8\Editor\VisualScripting.Core\Dependencies\YamlDotNet\Unity.VisualScripting.YamlDotNet.dll
Symbol file LoadedFromMemory doesn't match image C:\Users\Henry Fabritius\3D_Boss_Fight\Library\PackageCache\com.unity.visualscripting@1.7.8\Editor\VisualScripting.Core\Dependencies\DotNetZip\Unity.VisualScripting.IonicZip.dll
Native extension for WindowsStandalone target not found
Native extension for WebGL target not found
Refreshing native plugins compatible for Editor in 2.06 ms, found 3 plugins.
Preloading 0 native plugins for Editor in 0.00 ms.
Mono: successfully reloaded assembly
- Completed reload, in  2.756 seconds
Domain Reload Profiling:
	ReloadAssembly (2757ms)
		BeginReloadAssembly (231ms)
			ExecutionOrderSort (0ms)
			DisableScriptedObjects (8ms)
			BackupInstance (0ms)
			ReleaseScriptingObjects (0ms)
			CreateAndSetChildDomain (52ms)
		EndReloadAssembly (2329ms)
			LoadAssemblies (171ms)
			RebuildTransferFunctionScriptingTraits (0ms)
			SetupTypeCache (494ms)
			ReleaseScriptCaches (2ms)
			RebuildScriptCaches (85ms)
			SetupLoadedEditorAssemblies (1426ms)
				LogAssemblyErrors (0ms)
				InitializePlatformSupportModulesInManaged (87ms)
				SetLoadedEditorAssemblies (3ms)
				RefreshPlugins (2ms)
				BeforeProcessingInitializeOnLoad (390ms)
				ProcessInitializeOnLoadAttributes (831ms)
				ProcessInitializeOnLoadMethodAttributes (73ms)
				AfterProcessingInitializeOnLoad (39ms)
				EditorAssembliesLoaded (1ms)
			ExecutionOrderSort2 (0ms)
			AwakeInstancesAfterBackupRestoration (20ms)
Platform modules already initialized, skipping
Refreshing native plugins compatible for Editor in 7.01 ms, found 3 plugins.
Preloading 0 native plugins for Editor in 0.00 ms.
Unloading 3538 Unused Serialized files (Serialized files now loaded: 0)
Unloading 21 unused Assets / (149.2 KB). Loaded Objects now: 4375.
Memory consumption went from 139.6 MB to 139.4 MB.
Total: 7.214100 ms (FindLiveObjects: 0.527600 ms CreateObjectMapping: 0.315700 ms MarkObjects: 6.210100 ms  DeleteObjects: 0.159000 ms)

AssetImportParameters requested are different than current active one (requested -> active):
  custom:video-decoder-ogg-theora: a1e56fd34408186e4bbccfd4996cb3dc -> 
  custom:container-muxer-webm: aa71ff27fc2769a1b78a27578f13a17b -> 
  custom:container-demuxer-webm: 4f35f7cbe854078d1ac9338744f61a02 -> 
  custom:video-encoder-webm-vp8: eb34c28f22e8b96e1ab97ce403110664 -> 
  custom:audio-encoder-webm-vorbis: bf7c407c2cedff20999df2af8eb42d56 -> 
  custom:framework-win-MediaFoundation: 216162199b28c13a410421893ffa2e32 -> 
  custom:container-demuxer-ogg: 62fdf1f143b41e24485cea50d1cbac27 -> 
  custom:video-decoder-webm-vp8: 9c59270c3fd7afecdb556c50c9e8de78 -> 
  custom:audio-decoder-ogg-vorbis: bf7c407c2cedff20999df2af8eb42d56 -> 
========================================================================
Received Prepare
Registering precompiled user dll's ...
Registered in 0.017096 seconds.
Begin MonoManager ReloadAssembly
Symbol file LoadedFromMemory doesn't match image C:\Users\Henry Fabritius\3D_Boss_Fight\Library\PackageCache\com.unity.visualscripting@1.7.8\Editor\VisualScripting.Core\Dependencies\YamlDotNet\Unity.VisualScripting.YamlDotNet.dll
Symbol file LoadedFromMemory doesn't match image C:\Users\Henry Fabritius\3D_Boss_Fight\Library\PackageCache\com.unity.visualscripting@1.7.8\Editor\VisualScripting.Core\Dependencies\DotNetZip\Unity.VisualScripting.IonicZip.dll
Native extension for WindowsStandalone target not found
Native extension for WebGL target not found
Refreshing native plugins compatible for Editor in 2.54 ms, found 3 plugins.
Preloading 0 native plugins for Editor in 0.00 ms.
Mono: successfully reloaded assembly
- Completed reload, in  3.202 seconds
Domain Reload Profiling:
	ReloadAssembly (3204ms)
		BeginReloadAssembly (264ms)
			ExecutionOrderSort (0ms)
			DisableScriptedObjects (12ms)
			BackupInstance (0ms)
			ReleaseScriptingObjects (0ms)
			CreateAndSetChildDomain (57ms)
		EndReloadAssembly (2717ms)
			LoadAssemblies (207ms)
			RebuildTransferFunctionScriptingTraits (0ms)
			SetupTypeCache (994ms)
			ReleaseScriptCaches (2ms)
			RebuildScriptCaches (100ms)
			SetupLoadedEditorAssemblies (1248ms)
				LogAssemblyErrors (0ms)
				InitializePlatformSupportModulesInManaged (57ms)
				SetLoadedEditorAssemblies (3ms)
				RefreshPlugins (3ms)
				BeforeProcessingInitializeOnLoad (357ms)
				ProcessInitializeOnLoadAttributes (728ms)
				ProcessInitializeOnLoadMethodAttributes (71ms)
				AfterProcessingInitializeOnLoad (29ms)
				EditorAssembliesLoaded (0ms)
			ExecutionOrderSort2 (0ms)
			AwakeInstancesAfterBackupRestoration (17ms)
Platform modules already initialized, skipping
Refreshing native plugins compatible for Editor in 5.64 ms, found 3 plugins.
Preloading 0 native plugins for Editor in 0.00 ms.
Unloading 3538 Unused Serialized files (Serialized files now loaded: 0)
Unloading 21 unused Assets / (149.3 KB). Loaded Objects now: 4390.
Memory consumption went from 139.6 MB to 139.5 MB.
Total: 5.533400 ms (FindLiveObjects: 0.528300 ms CreateObjectMapping: 0.281300 ms MarkObjects: 4.467400 ms  DeleteObjects: 0.254800 ms)

AssetImportParameters requested are different than current active one (requested -> active):
  custom:video-decoder-ogg-theora: a1e56fd34408186e4bbccfd4996cb3dc -> 
  custom:container-muxer-webm: aa71ff27fc2769a1b78a27578f13a17b -> 
  custom:container-demuxer-webm: 4f35f7cbe854078d1ac9338744f61a02 -> 
  custom:video-encoder-webm-vp8: eb34c28f22e8b96e1ab97ce403110664 -> 
  custom:audio-encoder-webm-vorbis: bf7c407c2cedff20999df2af8eb42d56 -> 
  custom:framework-win-MediaFoundation: 216162199b28c13a410421893ffa2e32 -> 
  custom:container-demuxer-ogg: 62fdf1f143b41e24485cea50d1cbac27 -> 
  custom:video-decoder-webm-vp8: 9c59270c3fd7afecdb556c50c9e8de78 -> 
  custom:audio-decoder-ogg-vorbis: bf7c407c2cedff20999df2af8eb42d56 -> 
========================================================================
Received Prepare
Registering precompiled user dll's ...
Registered in 0.019244 seconds.
Begin MonoManager ReloadAssembly
Symbol file LoadedFromMemory doesn't match image C:\Users\Henry Fabritius\3D_Boss_Fight\Library\PackageCache\com.unity.visualscripting@1.7.8\Editor\VisualScripting.Core\Dependencies\YamlDotNet\Unity.VisualScripting.YamlDotNet.dll
Symbol file LoadedFromMemory doesn't match image C:\Users\Henry Fabritius\3D_Boss_Fight\Library\PackageCache\com.unity.visualscripting@1.7.8\Editor\VisualScripting.Core\Dependencies\DotNetZip\Unity.VisualScripting.IonicZip.dll
Native extension for WindowsStandalone target not found
Native extension for WebGL target not found
Refreshing native plugins compatible for Editor in 2.61 ms, found 3 plugins.
Preloading 0 native plugins for Editor in 0.00 ms.
Mono: successfully reloaded assembly
- Completed reload, in  3.127 seconds
Domain Reload Profiling:
	ReloadAssembly (3128ms)
		BeginReloadAssembly (255ms)
			ExecutionOrderSort (0ms)
			DisableScriptedObjects (10ms)
			BackupInstance (0ms)
			ReleaseScriptingObjects (0ms)
			CreateAndSetChildDomain (59ms)
		EndReloadAssembly (2660ms)
			LoadAssemblies (189ms)
			RebuildTransferFunctionScriptingTraits (0ms)
			SetupTypeCache (699ms)
			ReleaseScriptCaches (6ms)
			RebuildScriptCaches (261ms)
			SetupLoadedEditorAssemblies (1189ms)
				LogAssemblyErrors (0ms)
				InitializePlatformSupportModulesInManaged (79ms)
				SetLoadedEditorAssemblies (3ms)
				RefreshPlugins (3ms)
				BeforeProcessingInitializeOnLoad (264ms)
				ProcessInitializeOnLoadAttributes (654ms)
				ProcessInitializeOnLoadMethodAttributes (132ms)
				AfterProcessingInitializeOnLoad (52ms)
				EditorAssembliesLoaded (1ms)
			ExecutionOrderSort2 (0ms)
			AwakeInstancesAfterBackupRestoration (36ms)
Platform modules already initialized, skipping
Refreshing native plugins compatible for Editor in 4.00 ms, found 3 plugins.
Preloading 0 native plugins for Editor in 0.00 ms.
Unloading 3538 Unused Serialized files (Serialized files now loaded: 0)
Unloading 21 unused Assets / (149.4 KB). Loaded Objects now: 4405.
Memory consumption went from 139.6 MB to 139.5 MB.
Total: 5.092200 ms (FindLiveObjects: 0.414400 ms CreateObjectMapping: 0.214500 ms MarkObjects: 4.335700 ms  DeleteObjects: 0.126300 ms)

AssetImportParameters requested are different than current active one (requested -> active):
  custom:video-decoder-ogg-theora: a1e56fd34408186e4bbccfd4996cb3dc -> 
  custom:container-muxer-webm: aa71ff27fc2769a1b78a27578f13a17b -> 
  custom:container-demuxer-webm: 4f35f7cbe854078d1ac9338744f61a02 -> 
  custom:video-encoder-webm-vp8: eb34c28f22e8b96e1ab97ce403110664 -> 
  custom:audio-encoder-webm-vorbis: bf7c407c2cedff20999df2af8eb42d56 -> 
  custom:framework-win-MediaFoundation: 216162199b28c13a410421893ffa2e32 -> 
  custom:container-demuxer-ogg: 62fdf1f143b41e24485cea50d1cbac27 -> 
  custom:video-decoder-webm-vp8: 9c59270c3fd7afecdb556c50c9e8de78 -> 
  custom:audio-decoder-ogg-vorbis: bf7c407c2cedff20999df2af8eb42d56 -> 
========================================================================
Received Prepare
Registering precompiled user dll's ...
Registered in 0.015565 seconds.
Begin MonoManager ReloadAssembly
Symbol file LoadedFromMemory doesn't match image C:\Users\Henry Fabritius\3D_Boss_Fight\Library\PackageCache\com.unity.visualscripting@1.7.8\Editor\VisualScripting.Core\Dependencies\YamlDotNet\Unity.VisualScripting.YamlDotNet.dll
Symbol file LoadedFromMemory doesn't match image C:\Users\Henry Fabritius\3D_Boss_Fight\Library\PackageCache\com.unity.visualscripting@1.7.8\Editor\VisualScripting.Core\Dependencies\DotNetZip\Unity.VisualScripting.IonicZip.dll
Native extension for WindowsStandalone target not found
Native extension for WebGL target not found
Refreshing native plugins compatible for Editor in 0.99 ms, found 3 plugins.
Preloading 0 native plugins for Editor in 0.00 ms.
Mono: successfully reloaded assembly
- Completed reload, in  2.365 seconds
Domain Reload Profiling:
	ReloadAssembly (2367ms)
		BeginReloadAssembly (261ms)
			ExecutionOrderSort (0ms)
			DisableScriptedObjects (9ms)
			BackupInstance (0ms)
			ReleaseScriptingObjects (0ms)
			CreateAndSetChildDomain (62ms)
		EndReloadAssembly (1873ms)
			LoadAssemblies (184ms)
			RebuildTransferFunctionScriptingTraits (0ms)
			SetupTypeCache (586ms)
			ReleaseScriptCaches (3ms)
			RebuildScriptCaches (228ms)
			SetupLoadedEditorAssemblies (743ms)
				LogAssemblyErrors (0ms)
				InitializePlatformSupportModulesInManaged (26ms)
				SetLoadedEditorAssemblies (1ms)
				RefreshPlugins (1ms)
				BeforeProcessingInitializeOnLoad (146ms)
				ProcessInitializeOnLoadAttributes (492ms)
				ProcessInitializeOnLoadMethodAttributes (58ms)
				AfterProcessingInitializeOnLoad (19ms)
				EditorAssembliesLoaded (0ms)
			ExecutionOrderSort2 (0ms)
			AwakeInstancesAfterBackupRestoration (17ms)
Platform modules already initialized, skipping
Refreshing native plugins compatible for Editor in 4.56 ms, found 3 plugins.
Preloading 0 native plugins for Editor in 0.00 ms.
Unloading 3538 Unused Serialized files (Serialized files now loaded: 0)
Unloading 21 unused Assets / (149.3 KB). Loaded Objects now: 4420.
Memory consumption went from 139.6 MB to 139.5 MB.
Total: 5.134800 ms (FindLiveObjects: 0.488700 ms CreateObjectMapping: 0.315200 ms MarkObjects: 4.175000 ms  DeleteObjects: 0.154300 ms)

AssetImportParameters requested are different than current active one (requested -> active):
  custom:video-decoder-ogg-theora: a1e56fd34408186e4bbccfd4996cb3dc -> 
  custom:container-muxer-webm: aa71ff27fc2769a1b78a27578f13a17b -> 
  custom:container-demuxer-webm: 4f35f7cbe854078d1ac9338744f61a02 -> 
  custom:video-encoder-webm-vp8: eb34c28f22e8b96e1ab97ce403110664 -> 
  custom:audio-encoder-webm-vorbis: bf7c407c2cedff20999df2af8eb42d56 -> 
  custom:framework-win-MediaFoundation: 216162199b28c13a410421893ffa2e32 -> 
  custom:container-demuxer-ogg: 62fdf1f143b41e24485cea50d1cbac27 -> 
  custom:video-decoder-webm-vp8: 9c59270c3fd7afecdb556c50c9e8de78 -> 
  custom:audio-decoder-ogg-vorbis: bf7c407c2cedff20999df2af8eb42d56 -> 
========================================================================
Received Prepare
Registering precompiled user dll's ...
Registered in 0.021968 seconds.
Begin MonoManager ReloadAssembly
Symbol file LoadedFromMemory doesn't match image C:\Users\Henry Fabritius\3D_Boss_Fight\Library\PackageCache\com.unity.visualscripting@1.7.8\Editor\VisualScripting.Core\Dependencies\YamlDotNet\Unity.VisualScripting.YamlDotNet.dll
Symbol file LoadedFromMemory doesn't match image C:\Users\Henry Fabritius\3D_Boss_Fight\Library\PackageCache\com.unity.visualscripting@1.7.8\Editor\VisualScripting.Core\Dependencies\DotNetZip\Unity.VisualScripting.IonicZip.dll
Native extension for WindowsStandalone target not found
Native extension for WebGL target not found
Refreshing native plugins compatible for Editor in 2.57 ms, found 3 plugins.
Preloading 0 native plugins for Editor in 0.00 ms.
Mono: successfully reloaded assembly
- Completed reload, in  3.447 seconds
Domain Reload Profiling:
	ReloadAssembly (3449ms)
		BeginReloadAssembly (332ms)
			ExecutionOrderSort (0ms)
			DisableScriptedObjects (11ms)
			BackupInstance (0ms)
			ReleaseScriptingObjects (0ms)
			CreateAndSetChildDomain (77ms)
		EndReloadAssembly (2804ms)
			LoadAssemblies (236ms)
			RebuildTransferFunctionScriptingTraits (0ms)
			SetupTypeCache (1021ms)
			ReleaseScriptCaches (4ms)
			RebuildScriptCaches (117ms)
			SetupLoadedEditorAssemblies (1286ms)
				LogAssemblyErrors (0ms)
				InitializePlatformSupportModulesInManaged (44ms)
				SetLoadedEditorAssemblies (2ms)
				RefreshPlugins (3ms)
				BeforeProcessingInitializeOnLoad (319ms)
				ProcessInitializeOnLoadAttributes (741ms)
				ProcessInitializeOnLoadMethodAttributes (127ms)
				AfterProcessingInitializeOnLoad (49ms)
				EditorAssembliesLoaded (1ms)
			ExecutionOrderSort2 (0ms)
			AwakeInstancesAfterBackupRestoration (31ms)
Platform modules already initialized, skipping
Refreshing native plugins compatible for Editor in 12.37 ms, found 3 plugins.
Preloading 0 native plugins for Editor in 0.00 ms.
Unloading 3538 Unused Serialized files (Serialized files now loaded: 0)
Unloading 21 unused Assets / (149.2 KB). Loaded Objects now: 4435.
Memory consumption went from 139.7 MB to 139.5 MB.
Total: 10.294300 ms (FindLiveObjects: 0.762700 ms CreateObjectMapping: 0.440700 ms MarkObjects: 8.916700 ms  DeleteObjects: 0.172300 ms)

AssetImportParameters requested are different than current active one (requested -> active):
  custom:video-decoder-ogg-theora: a1e56fd34408186e4bbccfd4996cb3dc -> 
  custom:container-muxer-webm: aa71ff27fc2769a1b78a27578f13a17b -> 
  custom:container-demuxer-webm: 4f35f7cbe854078d1ac9338744f61a02 -> 
  custom:video-encoder-webm-vp8: eb34c28f22e8b96e1ab97ce403110664 -> 
  custom:audio-encoder-webm-vorbis: bf7c407c2cedff20999df2af8eb42d56 -> 
  custom:framework-win-MediaFoundation: 216162199b28c13a410421893ffa2e32 -> 
  custom:container-demuxer-ogg: 62fdf1f143b41e24485cea50d1cbac27 -> 
  custom:video-decoder-webm-vp8: 9c59270c3fd7afecdb556c50c9e8de78 -> 
  custom:audio-decoder-ogg-vorbis: bf7c407c2cedff20999df2af8eb42d56 -> 
========================================================================
Received Prepare
Registering precompiled user dll's ...
Registered in 0.014962 seconds.
Begin MonoManager ReloadAssembly
Symbol file LoadedFromMemory doesn't match image C:\Users\Henry Fabritius\3D_Boss_Fight\Library\PackageCache\com.unity.visualscripting@1.7.8\Editor\VisualScripting.Core\Dependencies\YamlDotNet\Unity.VisualScripting.YamlDotNet.dll
Symbol file LoadedFromMemory doesn't match image C:\Users\Henry Fabritius\3D_Boss_Fight\Library\PackageCache\com.unity.visualscripting@1.7.8\Editor\VisualScripting.Core\Dependencies\DotNetZip\Unity.VisualScripting.IonicZip.dll
Native extension for WindowsStandalone target not found
Native extension for WebGL target not found
Refreshing native plugins compatible for Editor in 1.22 ms, found 3 plugins.
Preloading 0 native plugins for Editor in 0.00 ms.
Mono: successfully reloaded assembly
- Completed reload, in  2.340 seconds
Domain Reload Profiling:
	ReloadAssembly (2342ms)
		BeginReloadAssembly (220ms)
			ExecutionOrderSort (0ms)
			DisableScriptedObjects (7ms)
			BackupInstance (0ms)
			ReleaseScriptingObjects (0ms)
			CreateAndSetChildDomain (51ms)
		EndReloadAssembly (1928ms)
			LoadAssemblies (200ms)
			RebuildTransferFunctionScriptingTraits (0ms)
			SetupTypeCache (648ms)
			ReleaseScriptCaches (2ms)
			RebuildScriptCaches (102ms)
			SetupLoadedEditorAssemblies (854ms)
				LogAssemblyErrors (0ms)
				InitializePlatformSupportModulesInManaged (35ms)
				SetLoadedEditorAssemblies (1ms)
				RefreshPlugins (1ms)
				BeforeProcessingInitializeOnLoad (167ms)
				ProcessInitializeOnLoadAttributes (549ms)
				ProcessInitializeOnLoadMethodAttributes (76ms)
				AfterProcessingInitializeOnLoad (24ms)
				EditorAssembliesLoaded (0ms)
			ExecutionOrderSort2 (0ms)
			AwakeInstancesAfterBackupRestoration (13ms)
Platform modules already initialized, skipping
Refreshing native plugins compatible for Editor in 3.86 ms, found 3 plugins.
Preloading 0 native plugins for Editor in 0.00 ms.
Unloading 3538 Unused Serialized files (Serialized files now loaded: 0)
Unloading 21 unused Assets / (149.3 KB). Loaded Objects now: 4450.
Memory consumption went from 139.7 MB to 139.5 MB.
Total: 5.685300 ms (FindLiveObjects: 0.358400 ms CreateObjectMapping: 0.197300 ms MarkObjects: 4.737100 ms  DeleteObjects: 0.390400 ms)

AssetImportParameters requested are different than current active one (requested -> active):
  custom:video-decoder-ogg-theora: a1e56fd34408186e4bbccfd4996cb3dc -> 
  custom:container-muxer-webm: aa71ff27fc2769a1b78a27578f13a17b -> 
  custom:container-demuxer-webm: 4f35f7cbe854078d1ac9338744f61a02 -> 
  custom:video-encoder-webm-vp8: eb34c28f22e8b96e1ab97ce403110664 -> 
  custom:audio-encoder-webm-vorbis: bf7c407c2cedff20999df2af8eb42d56 -> 
  custom:framework-win-MediaFoundation: 216162199b28c13a410421893ffa2e32 -> 
  custom:container-demuxer-ogg: 62fdf1f143b41e24485cea50d1cbac27 -> 
  custom:video-decoder-webm-vp8: 9c59270c3fd7afecdb556c50c9e8de78 -> 
  custom:audio-decoder-ogg-vorbis: bf7c407c2cedff20999df2af8eb42d56 -> 
========================================================================
Received Prepare
Registering precompiled user dll's ...
Registered in 0.013047 seconds.
Begin MonoManager ReloadAssembly
Symbol file LoadedFromMemory doesn't match image C:\Users\Henry Fabritius\3D_Boss_Fight\Library\PackageCache\com.unity.visualscripting@1.7.8\Editor\VisualScripting.Core\Dependencies\YamlDotNet\Unity.VisualScripting.YamlDotNet.dll
Symbol file LoadedFromMemory doesn't match image C:\Users\Henry Fabritius\3D_Boss_Fight\Library\PackageCache\com.unity.visualscripting@1.7.8\Editor\VisualScripting.Core\Dependencies\DotNetZip\Unity.VisualScripting.IonicZip.dll
Native extension for WindowsStandalone target not found
Native extension for WebGL target not found
Refreshing native plugins compatible for Editor in 1.65 ms, found 3 plugins.
Preloading 0 native plugins for Editor in 0.00 ms.
Mono: successfully reloaded assembly
- Completed reload, in  2.037 seconds
Domain Reload Profiling:
	ReloadAssembly (2038ms)
		BeginReloadAssembly (215ms)
			ExecutionOrderSort (0ms)
			DisableScriptedObjects (9ms)
			BackupInstance (0ms)
			ReleaseScriptingObjects (0ms)
			CreateAndSetChildDomain (48ms)
		EndReloadAssembly (1650ms)
			LoadAssemblies (163ms)
			RebuildTransferFunctionScriptingTraits (0ms)
			SetupTypeCache (538ms)
			ReleaseScriptCaches (2ms)
			RebuildScriptCaches (95ms)
			SetupLoadedEditorAssemblies (750ms)
				LogAssemblyErrors (0ms)
				InitializePlatformSupportModulesInManaged (40ms)
				SetLoadedEditorAssemblies (1ms)
				RefreshPlugins (2ms)
				BeforeProcessingInitializeOnLoad (159ms)
				ProcessInitializeOnLoadAttributes (469ms)
				ProcessInitializeOnLoadMethodAttributes (58ms)
				AfterProcessingInitializeOnLoad (21ms)
				EditorAssembliesLoaded (0ms)
			ExecutionOrderSort2 (0ms)
			AwakeInstancesAfterBackupRestoration (14ms)
Platform modules already initialized, skipping
Refreshing native plugins compatible for Editor in 5.29 ms, found 3 plugins.
Preloading 0 native plugins for Editor in 0.00 ms.
Unloading 3538 Unused Serialized files (Serialized files now loaded: 0)
Unloading 21 unused Assets / (149.4 KB). Loaded Objects now: 4465.
Memory consumption went from 139.7 MB to 139.5 MB.
Total: 7.411800 ms (FindLiveObjects: 0.851000 ms CreateObjectMapping: 0.328900 ms MarkObjects: 6.038600 ms  DeleteObjects: 0.191300 ms)

AssetImportParameters requested are different than current active one (requested -> active):
  custom:video-decoder-ogg-theora: a1e56fd34408186e4bbccfd4996cb3dc -> 
  custom:container-muxer-webm: aa71ff27fc2769a1b78a27578f13a17b -> 
  custom:container-demuxer-webm: 4f35f7cbe854078d1ac9338744f61a02 -> 
  custom:video-encoder-webm-vp8: eb34c28f22e8b96e1ab97ce403110664 -> 
  custom:audio-encoder-webm-vorbis: bf7c407c2cedff20999df2af8eb42d56 -> 
  custom:framework-win-MediaFoundation: 216162199b28c13a410421893ffa2e32 -> 
  custom:container-demuxer-ogg: 62fdf1f143b41e24485cea50d1cbac27 -> 
  custom:video-decoder-webm-vp8: 9c59270c3fd7afecdb556c50c9e8de78 -> 
  custom:audio-decoder-ogg-vorbis: bf7c407c2cedff20999df2af8eb42d56 -> 
========================================================================
Received Prepare
Registering precompiled user dll's ...
Registered in 0.016289 seconds.
Begin MonoManager ReloadAssembly
Symbol file LoadedFromMemory doesn't match image C:\Users\Henry Fabritius\3D_Boss_Fight\Library\PackageCache\com.unity.visualscripting@1.7.8\Editor\VisualScripting.Core\Dependencies\YamlDotNet\Unity.VisualScripting.YamlDotNet.dll
Symbol file LoadedFromMemory doesn't match image C:\Users\Henry Fabritius\3D_Boss_Fight\Library\PackageCache\com.unity.visualscripting@1.7.8\Editor\VisualScripting.Core\Dependencies\DotNetZip\Unity.VisualScripting.IonicZip.dll
Native extension for WindowsStandalone target not found
Native extension for WebGL target not found
Refreshing native plugins compatible for Editor in 1.36 ms, found 3 plugins.
Preloading 0 native plugins for Editor in 0.00 ms.
Mono: successfully reloaded assembly
- Completed reload, in  2.414 seconds
Domain Reload Profiling:
	ReloadAssembly (2415ms)
		BeginReloadAssembly (254ms)
			ExecutionOrderSort (0ms)
			DisableScriptedObjects (8ms)
			BackupInstance (0ms)
			ReleaseScriptingObjects (0ms)
			CreateAndSetChildDomain (63ms)
		EndReloadAssembly (1938ms)
			LoadAssemblies (197ms)
			RebuildTransferFunctionScriptingTraits (0ms)
			SetupTypeCache (635ms)
			ReleaseScriptCaches (3ms)
			RebuildScriptCaches (107ms)
			SetupLoadedEditorAssemblies (877ms)
				LogAssemblyErrors (0ms)
				InitializePlatformSupportModulesInManaged (41ms)
				SetLoadedEditorAssemblies (1ms)
				RefreshPlugins (1ms)
				BeforeProcessingInitializeOnLoad (170ms)
				ProcessInitializeOnLoadAttributes (569ms)
				ProcessInitializeOnLoadMethodAttributes (67ms)
				AfterProcessingInitializeOnLoad (26ms)
				EditorAssembliesLoaded (1ms)
			ExecutionOrderSort2 (0ms)
			AwakeInstancesAfterBackupRestoration (16ms)
Platform modules already initialized, skipping
Refreshing native plugins compatible for Editor in 5.13 ms, found 3 plugins.
Preloading 0 native plugins for Editor in 0.00 ms.
Unloading 3538 Unused Serialized files (Serialized files now loaded: 0)
Unloading 21 unused Assets / (149.4 KB). Loaded Objects now: 4480.
Memory consumption went from 139.7 MB to 139.6 MB.
Total: 5.891300 ms (FindLiveObjects: 0.397200 ms CreateObjectMapping: 0.261200 ms MarkObjects: 4.854900 ms  DeleteObjects: 0.375500 ms)

AssetImportParameters requested are different than current active one (requested -> active):
  custom:video-decoder-ogg-theora: a1e56fd34408186e4bbccfd4996cb3dc -> 
  custom:container-muxer-webm: aa71ff27fc2769a1b78a27578f13a17b -> 
  custom:container-demuxer-webm: 4f35f7cbe854078d1ac9338744f61a02 -> 
  custom:video-encoder-webm-vp8: eb34c28f22e8b96e1ab97ce403110664 -> 
  custom:audio-encoder-webm-vorbis: bf7c407c2cedff20999df2af8eb42d56 -> 
  custom:framework-win-MediaFoundation: 216162199b28c13a410421893ffa2e32 -> 
  custom:container-demuxer-ogg: 62fdf1f143b41e24485cea50d1cbac27 -> 
  custom:video-decoder-webm-vp8: 9c59270c3fd7afecdb556c50c9e8de78 -> 
  custom:audio-decoder-ogg-vorbis: bf7c407c2cedff20999df2af8eb42d56 -> 
========================================================================
Received Prepare
Registering precompiled user dll's ...
Registered in 0.015277 seconds.
Begin MonoManager ReloadAssembly
Symbol file LoadedFromMemory doesn't match image C:\Users\Henry Fabritius\3D_Boss_Fight\Library\PackageCache\com.unity.visualscripting@1.7.8\Editor\VisualScripting.Core\Dependencies\YamlDotNet\Unity.VisualScripting.YamlDotNet.dll
Symbol file LoadedFromMemory doesn't match image C:\Users\Henry Fabritius\3D_Boss_Fight\Library\PackageCache\com.unity.visualscripting@1.7.8\Editor\VisualScripting.Core\Dependencies\DotNetZip\Unity.VisualScripting.IonicZip.dll
Native extension for WindowsStandalone target not found
Native extension for WebGL target not found
Refreshing native plugins compatible for Editor in 0.99 ms, found 3 plugins.
Preloading 0 native plugins for Editor in 0.00 ms.
Mono: successfully reloaded assembly
- Completed reload, in  2.364 seconds
Domain Reload Profiling:
	ReloadAssembly (2365ms)
		BeginReloadAssembly (249ms)
			ExecutionOrderSort (0ms)
			DisableScriptedObjects (13ms)
			BackupInstance (0ms)
			ReleaseScriptingObjects (0ms)
			CreateAndSetChildDomain (56ms)
		EndReloadAssembly (1919ms)
			LoadAssemblies (177ms)
			RebuildTransferFunctionScriptingTraits (0ms)
			SetupTypeCache (646ms)
			ReleaseScriptCaches (2ms)
			RebuildScriptCaches (111ms)
			SetupLoadedEditorAssemblies (860ms)
				LogAssemblyErrors (0ms)
				InitializePlatformSupportModulesInManaged (46ms)
				SetLoadedEditorAssemblies (1ms)
				RefreshPlugins (1ms)
				BeforeProcessingInitializeOnLoad (186ms)
				ProcessInitializeOnLoadAttributes (529ms)
				ProcessInitializeOnLoadMethodAttributes (69ms)
				AfterProcessingInitializeOnLoad (26ms)
				EditorAssembliesLoaded (0ms)
			ExecutionOrderSort2 (0ms)
			AwakeInstancesAfterBackupRestoration (15ms)
Platform modules already initialized, skipping
Refreshing native plugins compatible for Editor in 5.61 ms, found 3 plugins.
Preloading 0 native plugins for Editor in 0.00 ms.
Unloading 3538 Unused Serialized files (Serialized files now loaded: 0)
Unloading 21 unused Assets / (149.3 KB). Loaded Objects now: 4495.
Memory consumption went from 139.8 MB to 139.6 MB.
Total: 7.028200 ms (FindLiveObjects: 0.437300 ms CreateObjectMapping: 0.280700 ms MarkObjects: 6.124900 ms  DeleteObjects: 0.183500 ms)

AssetImportParameters requested are different than current active one (requested -> active):
  custom:video-decoder-ogg-theora: a1e56fd34408186e4bbccfd4996cb3dc -> 
  custom:container-muxer-webm: aa71ff27fc2769a1b78a27578f13a17b -> 
  custom:container-demuxer-webm: 4f35f7cbe854078d1ac9338744f61a02 -> 
  custom:video-encoder-webm-vp8: eb34c28f22e8b96e1ab97ce403110664 -> 
  custom:audio-encoder-webm-vorbis: bf7c407c2cedff20999df2af8eb42d56 -> 
  custom:framework-win-MediaFoundation: 216162199b28c13a410421893ffa2e32 -> 
  custom:container-demuxer-ogg: 62fdf1f143b41e24485cea50d1cbac27 -> 
  custom:video-decoder-webm-vp8: 9c59270c3fd7afecdb556c50c9e8de78 -> 
  custom:audio-decoder-ogg-vorbis: bf7c407c2cedff20999df2af8eb42d56 -> 
========================================================================
Received Prepare
Registering precompiled user dll's ...
Registered in 0.015229 seconds.
Begin MonoManager ReloadAssembly
Symbol file LoadedFromMemory doesn't match image C:\Users\Henry Fabritius\3D_Boss_Fight\Library\PackageCache\com.unity.visualscripting@1.7.8\Editor\VisualScripting.Core\Dependencies\YamlDotNet\Unity.VisualScripting.YamlDotNet.dll
Symbol file LoadedFromMemory doesn't match image C:\Users\Henry Fabritius\3D_Boss_Fight\Library\PackageCache\com.unity.visualscripting@1.7.8\Editor\VisualScripting.Core\Dependencies\DotNetZip\Unity.VisualScripting.IonicZip.dll
Native extension for WindowsStandalone target not found
Native extension for WebGL target not found
Refreshing native plugins compatible for Editor in 1.36 ms, found 3 plugins.
Preloading 0 native plugins for Editor in 0.00 ms.
Mono: successfully reloaded assembly
- Completed reload, in  2.487 seconds
Domain Reload Profiling:
	ReloadAssembly (2488ms)
		BeginReloadAssembly (260ms)
			ExecutionOrderSort (0ms)
			DisableScriptedObjects (10ms)
			BackupInstance (0ms)
			ReleaseScriptingObjects (0ms)
			CreateAndSetChildDomain (55ms)
		EndReloadAssembly (2010ms)
			LoadAssemblies (197ms)
			RebuildTransferFunctionScriptingTraits (0ms)
			SetupTypeCache (777ms)
			ReleaseScriptCaches (2ms)
			RebuildScriptCaches (108ms)
			SetupLoadedEditorAssemblies (844ms)
				LogAssemblyErrors (0ms)
				InitializePlatformSupportModulesInManaged (39ms)
				SetLoadedEditorAssemblies (1ms)
				RefreshPlugins (2ms)
				BeforeProcessingInitializeOnLoad (208ms)
				ProcessInitializeOnLoadAttributes (518ms)
				ProcessInitializeOnLoadMethodAttributes (55ms)
				AfterProcessingInitializeOnLoad (21ms)
				EditorAssembliesLoaded (0ms)
			ExecutionOrderSort2 (0ms)
			AwakeInstancesAfterBackupRestoration (11ms)
Platform modules already initialized, skipping
Refreshing native plugins compatible for Editor in 3.52 ms, found 3 plugins.
Preloading 0 native plugins for Editor in 0.00 ms.
Unloading 3538 Unused Serialized files (Serialized files now loaded: 0)
Unloading 21 unused Assets / (149.3 KB). Loaded Objects now: 4510.
Memory consumption went from 139.7 MB to 139.6 MB.
Total: 4.462800 ms (FindLiveObjects: 0.450900 ms CreateObjectMapping: 0.243000 ms MarkObjects: 3.637700 ms  DeleteObjects: 0.130100 ms)

AssetImportParameters requested are different than current active one (requested -> active):
  custom:video-decoder-ogg-theora: a1e56fd34408186e4bbccfd4996cb3dc -> 
  custom:container-muxer-webm: aa71ff27fc2769a1b78a27578f13a17b -> 
  custom:container-demuxer-webm: 4f35f7cbe854078d1ac9338744f61a02 -> 
  custom:video-encoder-webm-vp8: eb34c28f22e8b96e1ab97ce403110664 -> 
  custom:audio-encoder-webm-vorbis: bf7c407c2cedff20999df2af8eb42d56 -> 
  custom:framework-win-MediaFoundation: 216162199b28c13a410421893ffa2e32 -> 
  custom:container-demuxer-ogg: 62fdf1f143b41e24485cea50d1cbac27 -> 
  custom:video-decoder-webm-vp8: 9c59270c3fd7afecdb556c50c9e8de78 -> 
  custom:audio-decoder-ogg-vorbis: bf7c407c2cedff20999df2af8eb42d56 -> 
========================================================================
Received Prepare
Registering precompiled user dll's ...
Registered in 0.016184 seconds.
Begin MonoManager ReloadAssembly
Symbol file LoadedFromMemory doesn't match image C:\Users\Henry Fabritius\3D_Boss_Fight\Library\PackageCache\com.unity.visualscripting@1.7.8\Editor\VisualScripting.Core\Dependencies\YamlDotNet\Unity.VisualScripting.YamlDotNet.dll
Symbol file LoadedFromMemory doesn't match image C:\Users\Henry Fabritius\3D_Boss_Fight\Library\PackageCache\com.unity.visualscripting@1.7.8\Editor\VisualScripting.Core\Dependencies\DotNetZip\Unity.VisualScripting.IonicZip.dll
Native extension for WindowsStandalone target not found
Native extension for WebGL target not found
Refreshing native plugins compatible for Editor in 1.69 ms, found 3 plugins.
Preloading 0 native plugins for Editor in 0.00 ms.
Mono: successfully reloaded assembly
- Completed reload, in  2.815 seconds
Domain Reload Profiling:
	ReloadAssembly (2817ms)
		BeginReloadAssembly (261ms)
			ExecutionOrderSort (0ms)
			DisableScriptedObjects (8ms)
			BackupInstance (0ms)
			ReleaseScriptingObjects (0ms)
			CreateAndSetChildDomain (53ms)
		EndReloadAssembly (2257ms)
			LoadAssemblies (210ms)
			RebuildTransferFunctionScriptingTraits (0ms)
			SetupTypeCache (724ms)
			ReleaseScriptCaches (2ms)
			RebuildScriptCaches (123ms)
			SetupLoadedEditorAssemblies (1067ms)
				LogAssemblyErrors (0ms)
				InitializePlatformSupportModulesInManaged (41ms)
				SetLoadedEditorAssemblies (2ms)
				RefreshPlugins (2ms)
				BeforeProcessingInitializeOnLoad (222ms)
				ProcessInitializeOnLoadAttributes (689ms)
				ProcessInitializeOnLoadMethodAttributes (84ms)
				AfterProcessingInitializeOnLoad (27ms)
				EditorAssembliesLoaded (1ms)
			ExecutionOrderSort2 (0ms)
			AwakeInstancesAfterBackupRestoration (18ms)
Platform modules already initialized, skipping
Refreshing native plugins compatible for Editor in 7.36 ms, found 3 plugins.
Preloading 0 native plugins for Editor in 0.00 ms.
Unloading 3538 Unused Serialized files (Serialized files now loaded: 0)
Unloading 21 unused Assets / (149.3 KB). Loaded Objects now: 4525.
Memory consumption went from 139.7 MB to 139.6 MB.
Total: 11.392800 ms (FindLiveObjects: 0.524400 ms CreateObjectMapping: 0.389700 ms MarkObjects: 10.307200 ms  DeleteObjects: 0.169600 ms)

AssetImportParameters requested are different than current active one (requested -> active):
  custom:video-decoder-ogg-theora: a1e56fd34408186e4bbccfd4996cb3dc -> 
  custom:container-muxer-webm: aa71ff27fc2769a1b78a27578f13a17b -> 
  custom:container-demuxer-webm: 4f35f7cbe854078d1ac9338744f61a02 -> 
  custom:video-encoder-webm-vp8: eb34c28f22e8b96e1ab97ce403110664 -> 
  custom:audio-encoder-webm-vorbis: bf7c407c2cedff20999df2af8eb42d56 -> 
  custom:framework-win-MediaFoundation: 216162199b28c13a410421893ffa2e32 -> 
  custom:container-demuxer-ogg: 62fdf1f143b41e24485cea50d1cbac27 -> 
  custom:video-decoder-webm-vp8: 9c59270c3fd7afecdb556c50c9e8de78 -> 
  custom:audio-decoder-ogg-vorbis: bf7c407c2cedff20999df2af8eb42d56 -> 
========================================================================
Received Prepare
Registering precompiled user dll's ...
Registered in 0.015654 seconds.
Begin MonoManager ReloadAssembly
Symbol file LoadedFromMemory doesn't match image C:\Users\Henry Fabritius\3D_Boss_Fight\Library\PackageCache\com.unity.visualscripting@1.7.8\Editor\VisualScripting.Core\Dependencies\YamlDotNet\Unity.VisualScripting.YamlDotNet.dll
Symbol file LoadedFromMemory doesn't match image C:\Users\Henry Fabritius\3D_Boss_Fight\Library\PackageCache\com.unity.visualscripting@1.7.8\Editor\VisualScripting.Core\Dependencies\DotNetZip\Unity.VisualScripting.IonicZip.dll
Native extension for WindowsStandalone target not found
Native extension for WebGL target not found
Refreshing native plugins compatible for Editor in 1.11 ms, found 3 plugins.
Preloading 0 native plugins for Editor in 0.00 ms.
Mono: successfully reloaded assembly
- Completed reload, in  2.818 seconds
Domain Reload Profiling:
	ReloadAssembly (2819ms)
		BeginReloadAssembly (245ms)
			ExecutionOrderSort (0ms)
			DisableScriptedObjects (8ms)
			BackupInstance (0ms)
			ReleaseScriptingObjects (0ms)
			CreateAndSetChildDomain (64ms)
		EndReloadAssembly (2302ms)
			LoadAssemblies (196ms)
			RebuildTransferFunctionScriptingTraits (0ms)
			SetupTypeCache (772ms)
			ReleaseScriptCaches (3ms)
			RebuildScriptCaches (120ms)
			SetupLoadedEditorAssemblies (1055ms)
				LogAssemblyErrors (0ms)
				InitializePlatformSupportModulesInManaged (43ms)
				SetLoadedEditorAssemblies (2ms)
				RefreshPlugins (1ms)
				BeforeProcessingInitializeOnLoad (206ms)
				ProcessInitializeOnLoadAttributes (690ms)
				ProcessInitializeOnLoadMethodAttributes (84ms)
				AfterProcessingInitializeOnLoad (30ms)
				EditorAssembliesLoaded (0ms)
			ExecutionOrderSort2 (0ms)
			AwakeInstancesAfterBackupRestoration (17ms)
Platform modules already initialized, skipping
Refreshing native plugins compatible for Editor in 5.63 ms, found 3 plugins.
Preloading 0 native plugins for Editor in 0.00 ms.
Unloading 3538 Unused Serialized files (Serialized files now loaded: 0)
Unloading 21 unused Assets / (149.2 KB). Loaded Objects now: 4540.
Memory consumption went from 139.7 MB to 139.6 MB.
Total: 10.936400 ms (FindLiveObjects: 0.587300 ms CreateObjectMapping: 0.756500 ms MarkObjects: 9.364700 ms  DeleteObjects: 0.226200 ms)

AssetImportParameters requested are different than current active one (requested -> active):
  custom:video-decoder-ogg-theora: a1e56fd34408186e4bbccfd4996cb3dc -> 
  custom:container-muxer-webm: aa71ff27fc2769a1b78a27578f13a17b -> 
  custom:container-demuxer-webm: 4f35f7cbe854078d1ac9338744f61a02 -> 
  custom:video-encoder-webm-vp8: eb34c28f22e8b96e1ab97ce403110664 -> 
  custom:audio-encoder-webm-vorbis: bf7c407c2cedff20999df2af8eb42d56 -> 
  custom:framework-win-MediaFoundation: 216162199b28c13a410421893ffa2e32 -> 
  custom:container-demuxer-ogg: 62fdf1f143b41e24485cea50d1cbac27 -> 
  custom:video-decoder-webm-vp8: 9c59270c3fd7afecdb556c50c9e8de78 -> 
  custom:audio-decoder-ogg-vorbis: bf7c407c2cedff20999df2af8eb42d56 -> 
========================================================================
Received Prepare
Registering precompiled user dll's ...
Registered in 0.015264 seconds.
Begin MonoManager ReloadAssembly
Symbol file LoadedFromMemory doesn't match image C:\Users\Henry Fabritius\3D_Boss_Fight\Library\PackageCache\com.unity.visualscripting@1.7.8\Editor\VisualScripting.Core\Dependencies\YamlDotNet\Unity.VisualScripting.YamlDotNet.dll
Symbol file LoadedFromMemory doesn't match image C:\Users\Henry Fabritius\3D_Boss_Fight\Library\PackageCache\com.unity.visualscripting@1.7.8\Editor\VisualScripting.Core\Dependencies\DotNetZip\Unity.VisualScripting.IonicZip.dll
Native extension for WindowsStandalone target not found
Native extension for WebGL target not found
Refreshing native plugins compatible for Editor in 1.25 ms, found 3 plugins.
Preloading 0 native plugins for Editor in 0.00 ms.
Mono: successfully reloaded assembly
- Completed reload, in  2.334 seconds
Domain Reload Profiling:
	ReloadAssembly (2336ms)
		BeginReloadAssembly (239ms)
			ExecutionOrderSort (0ms)
			DisableScriptedObjects (8ms)
			BackupInstance (0ms)
			ReleaseScriptingObjects (0ms)
			CreateAndSetChildDomain (63ms)
		EndReloadAssembly (1890ms)
			LoadAssemblies (176ms)
			RebuildTransferFunctionScriptingTraits (0ms)
			SetupTypeCache (592ms)
			ReleaseScriptCaches (2ms)
			RebuildScriptCaches (109ms)
			SetupLoadedEditorAssemblies (898ms)
				LogAssemblyErrors (0ms)
				InitializePlatformSupportModulesInManaged (32ms)
				SetLoadedEditorAssemblies (1ms)
				RefreshPlugins (1ms)
				BeforeProcessingInitializeOnLoad (176ms)
				ProcessInitializeOnLoadAttributes (586ms)
				ProcessInitializeOnLoadMethodAttributes (73ms)
				AfterProcessingInitializeOnLoad (28ms)
				EditorAssembliesLoaded (0ms)
			ExecutionOrderSort2 (0ms)
			AwakeInstancesAfterBackupRestoration (15ms)
Platform modules already initialized, skipping
Refreshing native plugins compatible for Editor in 4.72 ms, found 3 plugins.
Preloading 0 native plugins for Editor in 0.00 ms.
Unloading 3538 Unused Serialized files (Serialized files now loaded: 0)
Unloading 21 unused Assets / (149.3 KB). Loaded Objects now: 4555.
Memory consumption went from 139.8 MB to 139.6 MB.
Total: 8.721900 ms (FindLiveObjects: 0.828200 ms CreateObjectMapping: 0.907900 ms MarkObjects: 6.802900 ms  DeleteObjects: 0.181500 ms)

AssetImportParameters requested are different than current active one (requested -> active):
  custom:video-decoder-ogg-theora: a1e56fd34408186e4bbccfd4996cb3dc -> 
  custom:container-muxer-webm: aa71ff27fc2769a1b78a27578f13a17b -> 
  custom:container-demuxer-webm: 4f35f7cbe854078d1ac9338744f61a02 -> 
  custom:video-encoder-webm-vp8: eb34c28f22e8b96e1ab97ce403110664 -> 
  custom:audio-encoder-webm-vorbis: bf7c407c2cedff20999df2af8eb42d56 -> 
  custom:framework-win-MediaFoundation: 216162199b28c13a410421893ffa2e32 -> 
  custom:container-demuxer-ogg: 62fdf1f143b41e24485cea50d1cbac27 -> 
  custom:video-decoder-webm-vp8: 9c59270c3fd7afecdb556c50c9e8de78 -> 
  custom:audio-decoder-ogg-vorbis: bf7c407c2cedff20999df2af8eb42d56 -> 
========================================================================
Received Prepare
Registering precompiled user dll's ...
Registered in 0.012932 seconds.
Begin MonoManager ReloadAssembly
Symbol file LoadedFromMemory doesn't match image C:\Users\Henry Fabritius\3D_Boss_Fight\Library\PackageCache\com.unity.visualscripting@1.7.8\Editor\VisualScripting.Core\Dependencies\YamlDotNet\Unity.VisualScripting.YamlDotNet.dll
Symbol file LoadedFromMemory doesn't match image C:\Users\Henry Fabritius\3D_Boss_Fight\Library\PackageCache\com.unity.visualscripting@1.7.8\Editor\VisualScripting.Core\Dependencies\DotNetZip\Unity.VisualScripting.IonicZip.dll
Native extension for WindowsStandalone target not found
Native extension for WebGL target not found
Refreshing native plugins compatible for Editor in 1.14 ms, found 3 plugins.
Preloading 0 native plugins for Editor in 0.00 ms.
Mono: successfully reloaded assembly
- Completed reload, in  2.309 seconds
Domain Reload Profiling:
	ReloadAssembly (2310ms)
		BeginReloadAssembly (223ms)
			ExecutionOrderSort (0ms)
			DisableScriptedObjects (8ms)
			BackupInstance (0ms)
			ReleaseScriptingObjects (0ms)
			CreateAndSetChildDomain (49ms)
		EndReloadAssembly (1900ms)
			LoadAssemblies (159ms)
			RebuildTransferFunctionScriptingTraits (0ms)
			SetupTypeCache (590ms)
			ReleaseScriptCaches (2ms)
			RebuildScriptCaches (99ms)
			SetupLoadedEditorAssemblies (933ms)
				LogAssemblyErrors (0ms)
				InitializePlatformSupportModulesInManaged (32ms)
				SetLoadedEditorAssemblies (1ms)
				RefreshPlugins (1ms)
				BeforeProcessingInitializeOnLoad (176ms)
				ProcessInitializeOnLoadAttributes (620ms)
				ProcessInitializeOnLoadMethodAttributes (70ms)
				AfterProcessingInitializeOnLoad (32ms)
				EditorAssembliesLoaded (0ms)
			ExecutionOrderSort2 (0ms)
			AwakeInstancesAfterBackupRestoration (18ms)
Platform modules already initialized, skipping
Refreshing native plugins compatible for Editor in 5.55 ms, found 3 plugins.
Preloading 0 native plugins for Editor in 0.00 ms.
Unloading 3538 Unused Serialized files (Serialized files now loaded: 0)
Unloading 21 unused Assets / (149.4 KB). Loaded Objects now: 4570.
Memory consumption went from 139.8 MB to 139.6 MB.
Total: 9.530500 ms (FindLiveObjects: 0.512500 ms CreateObjectMapping: 0.591800 ms MarkObjects: 8.041000 ms  DeleteObjects: 0.382700 ms)

AssetImportParameters requested are different than current active one (requested -> active):
  custom:video-decoder-ogg-theora: a1e56fd34408186e4bbccfd4996cb3dc -> 
  custom:container-muxer-webm: aa71ff27fc2769a1b78a27578f13a17b -> 
  custom:container-demuxer-webm: 4f35f7cbe854078d1ac9338744f61a02 -> 
  custom:video-encoder-webm-vp8: eb34c28f22e8b96e1ab97ce403110664 -> 
  custom:audio-encoder-webm-vorbis: bf7c407c2cedff20999df2af8eb42d56 -> 
  custom:framework-win-MediaFoundation: 216162199b28c13a410421893ffa2e32 -> 
  custom:container-demuxer-ogg: 62fdf1f143b41e24485cea50d1cbac27 -> 
  custom:video-decoder-webm-vp8: 9c59270c3fd7afecdb556c50c9e8de78 -> 
  custom:audio-decoder-ogg-vorbis: bf7c407c2cedff20999df2af8eb42d56 -> 
========================================================================
Received Prepare
Registering precompiled user dll's ...
Registered in 0.013714 seconds.
Begin MonoManager ReloadAssembly
Symbol file LoadedFromMemory doesn't match image C:\Users\Henry Fabritius\3D_Boss_Fight\Library\PackageCache\com.unity.visualscripting@1.7.8\Editor\VisualScripting.Core\Dependencies\YamlDotNet\Unity.VisualScripting.YamlDotNet.dll
Symbol file LoadedFromMemory doesn't match image C:\Users\Henry Fabritius\3D_Boss_Fight\Library\PackageCache\com.unity.visualscripting@1.7.8\Editor\VisualScripting.Core\Dependencies\DotNetZip\Unity.VisualScripting.IonicZip.dll
Native extension for WindowsStandalone target not found
Native extension for WebGL target not found
Refreshing native plugins compatible for Editor in 1.35 ms, found 3 plugins.
Preloading 0 native plugins for Editor in 0.00 ms.
Mono: successfully reloaded assembly
- Completed reload, in  2.273 seconds
Domain Reload Profiling:
	ReloadAssembly (2274ms)
		BeginReloadAssembly (237ms)
			ExecutionOrderSort (0ms)
			DisableScriptedObjects (11ms)
			BackupInstance (0ms)
			ReleaseScriptingObjects (0ms)
			CreateAndSetChildDomain (52ms)
		EndReloadAssembly (1851ms)
			LoadAssemblies (168ms)
			RebuildTransferFunctionScriptingTraits (0ms)
			SetupTypeCache (587ms)
			ReleaseScriptCaches (2ms)
			RebuildScriptCaches (105ms)
			SetupLoadedEditorAssemblies (878ms)
				LogAssemblyErrors (0ms)
				InitializePlatformSupportModulesInManaged (33ms)
				SetLoadedEditorAssemblies (1ms)
				RefreshPlugins (1ms)
				BeforeProcessingInitializeOnLoad (197ms)
				ProcessInitializeOnLoadAttributes (554ms)
				ProcessInitializeOnLoadMethodAttributes (65ms)
				AfterProcessingInitializeOnLoad (26ms)
				EditorAssembliesLoaded (0ms)
			ExecutionOrderSort2 (0ms)
			AwakeInstancesAfterBackupRestoration (16ms)
Platform modules already initialized, skipping
Refreshing native plugins compatible for Editor in 5.38 ms, found 3 plugins.
Preloading 0 native plugins for Editor in 0.00 ms.
Unloading 3538 Unused Serialized files (Serialized files now loaded: 0)
Unloading 21 unused Assets / (149.2 KB). Loaded Objects now: 4585.
Memory consumption went from 139.8 MB to 139.6 MB.
Total: 7.222600 ms (FindLiveObjects: 0.620800 ms CreateObjectMapping: 0.343400 ms MarkObjects: 6.098400 ms  DeleteObjects: 0.158200 ms)

AssetImportParameters requested are different than current active one (requested -> active):
  custom:video-decoder-ogg-theora: a1e56fd34408186e4bbccfd4996cb3dc -> 
  custom:container-muxer-webm: aa71ff27fc2769a1b78a27578f13a17b -> 
  custom:container-demuxer-webm: 4f35f7cbe854078d1ac9338744f61a02 -> 
  custom:video-encoder-webm-vp8: eb34c28f22e8b96e1ab97ce403110664 -> 
  custom:audio-encoder-webm-vorbis: bf7c407c2cedff20999df2af8eb42d56 -> 
  custom:framework-win-MediaFoundation: 216162199b28c13a410421893ffa2e32 -> 
  custom:container-demuxer-ogg: 62fdf1f143b41e24485cea50d1cbac27 -> 
  custom:video-decoder-webm-vp8: 9c59270c3fd7afecdb556c50c9e8de78 -> 
  custom:audio-decoder-ogg-vorbis: bf7c407c2cedff20999df2af8eb42d56 -> 
========================================================================
Received Prepare
Registering precompiled user dll's ...
Registered in 0.014859 seconds.
Begin MonoManager ReloadAssembly
Symbol file LoadedFromMemory doesn't match image C:\Users\Henry Fabritius\3D_Boss_Fight\Library\PackageCache\com.unity.visualscripting@1.7.8\Editor\VisualScripting.Core\Dependencies\YamlDotNet\Unity.VisualScripting.YamlDotNet.dll
Symbol file LoadedFromMemory doesn't match image C:\Users\Henry Fabritius\3D_Boss_Fight\Library\PackageCache\com.unity.visualscripting@1.7.8\Editor\VisualScripting.Core\Dependencies\DotNetZip\Unity.VisualScripting.IonicZip.dll
Native extension for WindowsStandalone target not found
Native extension for WebGL target not found
Refreshing native plugins compatible for Editor in 1.50 ms, found 3 plugins.
Preloading 0 native plugins for Editor in 0.00 ms.
Mono: successfully reloaded assembly
- Completed reload, in  2.315 seconds
Domain Reload Profiling:
	ReloadAssembly (2316ms)
		BeginReloadAssembly (233ms)
			ExecutionOrderSort (0ms)
			DisableScriptedObjects (7ms)
			BackupInstance (0ms)
			ReleaseScriptingObjects (0ms)
			CreateAndSetChildDomain (53ms)
		EndReloadAssembly (1894ms)
			LoadAssemblies (166ms)
			RebuildTransferFunctionScriptingTraits (0ms)
			SetupTypeCache (616ms)
			ReleaseScriptCaches (3ms)
			RebuildScriptCaches (138ms)
			SetupLoadedEditorAssemblies (846ms)
				LogAssemblyErrors (0ms)
				InitializePlatformSupportModulesInManaged (34ms)
				SetLoadedEditorAssemblies (1ms)
				RefreshPlugins (2ms)
				BeforeProcessingInitializeOnLoad (180ms)
				ProcessInitializeOnLoadAttributes (540ms)
				ProcessInitializeOnLoadMethodAttributes (64ms)
				AfterProcessingInitializeOnLoad (24ms)
				EditorAssembliesLoaded (0ms)
			ExecutionOrderSort2 (0ms)
			AwakeInstancesAfterBackupRestoration (14ms)
Platform modules already initialized, skipping
Refreshing native plugins compatible for Editor in 5.37 ms, found 3 plugins.
Preloading 0 native plugins for Editor in 0.00 ms.
Unloading 3538 Unused Serialized files (Serialized files now loaded: 0)
Unloading 21 unused Assets / (149.4 KB). Loaded Objects now: 4600.
Memory consumption went from 139.8 MB to 139.7 MB.
Total: 6.469200 ms (FindLiveObjects: 0.463600 ms CreateObjectMapping: 0.436500 ms MarkObjects: 5.385600 ms  DeleteObjects: 0.182200 ms)

AssetImportParameters requested are different than current active one (requested -> active):
  custom:video-decoder-ogg-theora: a1e56fd34408186e4bbccfd4996cb3dc -> 
  custom:container-muxer-webm: aa71ff27fc2769a1b78a27578f13a17b -> 
  custom:container-demuxer-webm: 4f35f7cbe854078d1ac9338744f61a02 -> 
  custom:video-encoder-webm-vp8: eb34c28f22e8b96e1ab97ce403110664 -> 
  custom:audio-encoder-webm-vorbis: bf7c407c2cedff20999df2af8eb42d56 -> 
  custom:framework-win-MediaFoundation: 216162199b28c13a410421893ffa2e32 -> 
  custom:container-demuxer-ogg: 62fdf1f143b41e24485cea50d1cbac27 -> 
  custom:video-decoder-webm-vp8: 9c59270c3fd7afecdb556c50c9e8de78 -> 
  custom:audio-decoder-ogg-vorbis: bf7c407c2cedff20999df2af8eb42d56 -> 
========================================================================
Received Prepare
Registering precompiled user dll's ...
Registered in 0.017230 seconds.
Begin MonoManager ReloadAssembly
Symbol file LoadedFromMemory doesn't match image C:\Users\Henry Fabritius\3D_Boss_Fight\Library\PackageCache\com.unity.visualscripting@1.7.8\Editor\VisualScripting.Core\Dependencies\YamlDotNet\Unity.VisualScripting.YamlDotNet.dll
Symbol file LoadedFromMemory doesn't match image C:\Users\Henry Fabritius\3D_Boss_Fight\Library\PackageCache\com.unity.visualscripting@1.7.8\Editor\VisualScripting.Core\Dependencies\DotNetZip\Unity.VisualScripting.IonicZip.dll
Native extension for WindowsStandalone target not found
Native extension for WebGL target not found
Refreshing native plugins compatible for Editor in 1.31 ms, found 3 plugins.
Preloading 0 native plugins for Editor in 0.00 ms.
Mono: successfully reloaded assembly
- Completed reload, in  3.011 seconds
Domain Reload Profiling:
	ReloadAssembly (3012ms)
		BeginReloadAssembly (271ms)
			ExecutionOrderSort (0ms)
			DisableScriptedObjects (9ms)
			BackupInstance (0ms)
			ReleaseScriptingObjects (0ms)
			CreateAndSetChildDomain (61ms)
		EndReloadAssembly (2446ms)
			LoadAssemblies (207ms)
			RebuildTransferFunctionScriptingTraits (0ms)
			SetupTypeCache (809ms)
			ReleaseScriptCaches (3ms)
			RebuildScriptCaches (133ms)
			SetupLoadedEditorAssemblies (1153ms)
				LogAssemblyErrors (0ms)
				InitializePlatformSupportModulesInManaged (42ms)
				SetLoadedEditorAssemblies (1ms)
				RefreshPlugins (1ms)
				BeforeProcessingInitializeOnLoad (206ms)
				ProcessInitializeOnLoadAttributes (735ms)
				ProcessInitializeOnLoadMethodAttributes (122ms)
				AfterProcessingInitializeOnLoad (46ms)
				EditorAssembliesLoaded (1ms)
			ExecutionOrderSort2 (0ms)
			AwakeInstancesAfterBackupRestoration (20ms)
Platform modules already initialized, skipping
Refreshing native plugins compatible for Editor in 7.61 ms, found 3 plugins.
Preloading 0 native plugins for Editor in 0.00 ms.
Unloading 3538 Unused Serialized files (Serialized files now loaded: 0)
Unloading 21 unused Assets / (149.2 KB). Loaded Objects now: 4615.
Memory consumption went from 139.8 MB to 139.7 MB.
Total: 9.962100 ms (FindLiveObjects: 0.966300 ms CreateObjectMapping: 0.375400 ms MarkObjects: 8.384600 ms  DeleteObjects: 0.234200 ms)

AssetImportParameters requested are different than current active one (requested -> active):
  custom:video-decoder-ogg-theora: a1e56fd34408186e4bbccfd4996cb3dc -> 
  custom:container-muxer-webm: aa71ff27fc2769a1b78a27578f13a17b -> 
  custom:container-demuxer-webm: 4f35f7cbe854078d1ac9338744f61a02 -> 
  custom:video-encoder-webm-vp8: eb34c28f22e8b96e1ab97ce403110664 -> 
  custom:audio-encoder-webm-vorbis: bf7c407c2cedff20999df2af8eb42d56 -> 
  custom:framework-win-MediaFoundation: 216162199b28c13a410421893ffa2e32 -> 
  custom:container-demuxer-ogg: 62fdf1f143b41e24485cea50d1cbac27 -> 
  custom:video-decoder-webm-vp8: 9c59270c3fd7afecdb556c50c9e8de78 -> 
  custom:audio-decoder-ogg-vorbis: bf7c407c2cedff20999df2af8eb42d56 -> 
========================================================================
Received Prepare
Registering precompiled user dll's ...
Registered in 0.015873 seconds.
Begin MonoManager ReloadAssembly
Symbol file LoadedFromMemory doesn't match image C:\Users\Henry Fabritius\3D_Boss_Fight\Library\PackageCache\com.unity.visualscripting@1.7.8\Editor\VisualScripting.Core\Dependencies\YamlDotNet\Unity.VisualScripting.YamlDotNet.dll
Symbol file LoadedFromMemory doesn't match image C:\Users\Henry Fabritius\3D_Boss_Fight\Library\PackageCache\com.unity.visualscripting@1.7.8\Editor\VisualScripting.Core\Dependencies\DotNetZip\Unity.VisualScripting.IonicZip.dll
Native extension for WindowsStandalone target not found
Native extension for WebGL target not found
Refreshing native plugins compatible for Editor in 1.02 ms, found 3 plugins.
Preloading 0 native plugins for Editor in 0.00 ms.
Mono: successfully reloaded assembly
- Completed reload, in  2.792 seconds
Domain Reload Profiling:
	ReloadAssembly (2793ms)
		BeginReloadAssembly (273ms)
			ExecutionOrderSort (0ms)
			DisableScriptedObjects (10ms)
			BackupInstance (0ms)
			ReleaseScriptingObjects (0ms)
			CreateAndSetChildDomain (54ms)
		EndReloadAssembly (2222ms)
			LoadAssemblies (222ms)
			RebuildTransferFunctionScriptingTraits (0ms)
			SetupTypeCache (763ms)
			ReleaseScriptCaches (3ms)
			RebuildScriptCaches (129ms)
			SetupLoadedEditorAssemblies (982ms)
				LogAssemblyErrors (0ms)
				InitializePlatformSupportModulesInManaged (36ms)
				SetLoadedEditorAssemblies (1ms)
				RefreshPlugins (1ms)
				BeforeProcessingInitializeOnLoad (195ms)
				ProcessInitializeOnLoadAttributes (643ms)
				ProcessInitializeOnLoadMethodAttributes (74ms)
				AfterProcessingInitializeOnLoad (31ms)
				EditorAssembliesLoaded (0ms)
			ExecutionOrderSort2 (0ms)
			AwakeInstancesAfterBackupRestoration (20ms)
Platform modules already initialized, skipping
Refreshing native plugins compatible for Editor in 6.04 ms, found 3 plugins.
Preloading 0 native plugins for Editor in 0.00 ms.
Unloading 3538 Unused Serialized files (Serialized files now loaded: 0)
Unloading 21 unused Assets / (149.3 KB). Loaded Objects now: 4630.
Memory consumption went from 139.8 MB to 139.7 MB.
Total: 7.574600 ms (FindLiveObjects: 0.533200 ms CreateObjectMapping: 0.392300 ms MarkObjects: 6.462100 ms  DeleteObjects: 0.185500 ms)

AssetImportParameters requested are different than current active one (requested -> active):
  custom:video-decoder-ogg-theora: a1e56fd34408186e4bbccfd4996cb3dc -> 
  custom:container-muxer-webm: aa71ff27fc2769a1b78a27578f13a17b -> 
  custom:container-demuxer-webm: 4f35f7cbe854078d1ac9338744f61a02 -> 
  custom:video-encoder-webm-vp8: eb34c28f22e8b96e1ab97ce403110664 -> 
  custom:audio-encoder-webm-vorbis: bf7c407c2cedff20999df2af8eb42d56 -> 
  custom:framework-win-MediaFoundation: 216162199b28c13a410421893ffa2e32 -> 
  custom:container-demuxer-ogg: 62fdf1f143b41e24485cea50d1cbac27 -> 
  custom:video-decoder-webm-vp8: 9c59270c3fd7afecdb556c50c9e8de78 -> 
  custom:audio-decoder-ogg-vorbis: bf7c407c2cedff20999df2af8eb42d56 -> 
========================================================================
Received Prepare
Registering precompiled user dll's ...
Registered in 0.013515 seconds.
Begin MonoManager ReloadAssembly
Symbol file LoadedFromMemory doesn't match image C:\Users\Henry Fabritius\3D_Boss_Fight\Library\PackageCache\com.unity.visualscripting@1.7.8\Editor\VisualScripting.Core\Dependencies\YamlDotNet\Unity.VisualScripting.YamlDotNet.dll
Symbol file LoadedFromMemory doesn't match image C:\Users\Henry Fabritius\3D_Boss_Fight\Library\PackageCache\com.unity.visualscripting@1.7.8\Editor\VisualScripting.Core\Dependencies\DotNetZip\Unity.VisualScripting.IonicZip.dll
Native extension for WindowsStandalone target not found
Native extension for WebGL target not found
Refreshing native plugins compatible for Editor in 1.95 ms, found 3 plugins.
Preloading 0 native plugins for Editor in 0.00 ms.
Mono: successfully reloaded assembly
- Completed reload, in  2.407 seconds
Domain Reload Profiling:
	ReloadAssembly (2409ms)
		BeginReloadAssembly (230ms)
			ExecutionOrderSort (0ms)
			DisableScriptedObjects (8ms)
			BackupInstance (0ms)
			ReleaseScriptingObjects (0ms)
			CreateAndSetChildDomain (55ms)
		EndReloadAssembly (1983ms)
			LoadAssemblies (157ms)
			RebuildTransferFunctionScriptingTraits (0ms)
			SetupTypeCache (613ms)
			ReleaseScriptCaches (2ms)
			RebuildScriptCaches (125ms)
			SetupLoadedEditorAssemblies (956ms)
				LogAssemblyErrors (0ms)
				InitializePlatformSupportModulesInManaged (35ms)
				SetLoadedEditorAssemblies (1ms)
				RefreshPlugins (2ms)
				BeforeProcessingInitializeOnLoad (198ms)
				ProcessInitializeOnLoadAttributes (613ms)
				ProcessInitializeOnLoadMethodAttributes (79ms)
				AfterProcessingInitializeOnLoad (27ms)
				EditorAssembliesLoaded (0ms)
			ExecutionOrderSort2 (0ms)
			AwakeInstancesAfterBackupRestoration (13ms)
Platform modules already initialized, skipping
Refreshing native plugins compatible for Editor in 4.17 ms, found 3 plugins.
Preloading 0 native plugins for Editor in 0.00 ms.
Unloading 3538 Unused Serialized files (Serialized files now loaded: 0)
Unloading 21 unused Assets / (149.4 KB). Loaded Objects now: 4645.
Memory consumption went from 139.9 MB to 139.7 MB.
Total: 7.610600 ms (FindLiveObjects: 0.551700 ms CreateObjectMapping: 0.475600 ms MarkObjects: 6.380000 ms  DeleteObjects: 0.201600 ms)

AssetImportParameters requested are different than current active one (requested -> active):
  custom:video-decoder-ogg-theora: a1e56fd34408186e4bbccfd4996cb3dc -> 
  custom:container-muxer-webm: aa71ff27fc2769a1b78a27578f13a17b -> 
  custom:container-demuxer-webm: 4f35f7cbe854078d1ac9338744f61a02 -> 
  custom:video-encoder-webm-vp8: eb34c28f22e8b96e1ab97ce403110664 -> 
  custom:audio-encoder-webm-vorbis: bf7c407c2cedff20999df2af8eb42d56 -> 
  custom:framework-win-MediaFoundation: 216162199b28c13a410421893ffa2e32 -> 
  custom:container-demuxer-ogg: 62fdf1f143b41e24485cea50d1cbac27 -> 
  custom:video-decoder-webm-vp8: 9c59270c3fd7afecdb556c50c9e8de78 -> 
  custom:audio-decoder-ogg-vorbis: bf7c407c2cedff20999df2af8eb42d56 -> 
========================================================================
Received Prepare
Registering precompiled user dll's ...
Registered in 0.015486 seconds.
Begin MonoManager ReloadAssembly
Symbol file LoadedFromMemory doesn't match image C:\Users\Henry Fabritius\3D_Boss_Fight\Library\PackageCache\com.unity.visualscripting@1.7.8\Editor\VisualScripting.Core\Dependencies\YamlDotNet\Unity.VisualScripting.YamlDotNet.dll
Symbol file LoadedFromMemory doesn't match image C:\Users\Henry Fabritius\3D_Boss_Fight\Library\PackageCache\com.unity.visualscripting@1.7.8\Editor\VisualScripting.Core\Dependencies\DotNetZip\Unity.VisualScripting.IonicZip.dll
Native extension for WindowsStandalone target not found
Native extension for WebGL target not found
Refreshing native plugins compatible for Editor in 1.27 ms, found 3 plugins.
Preloading 0 native plugins for Editor in 0.00 ms.
Mono: successfully reloaded assembly
- Completed reload, in  2.841 seconds
Domain Reload Profiling:
	ReloadAssembly (2843ms)
		BeginReloadAssembly (254ms)
			ExecutionOrderSort (0ms)
			DisableScriptedObjects (9ms)
			BackupInstance (0ms)
			ReleaseScriptingObjects (0ms)
			CreateAndSetChildDomain (54ms)
		EndReloadAssembly (2356ms)
			LoadAssemblies (186ms)
			RebuildTransferFunctionScriptingTraits (0ms)
			SetupTypeCache (716ms)
			ReleaseScriptCaches (3ms)
			RebuildScriptCaches (134ms)
			SetupLoadedEditorAssemblies (1134ms)
				LogAssemblyErrors (0ms)
				InitializePlatformSupportModulesInManaged (49ms)
				SetLoadedEditorAssemblies (1ms)
				RefreshPlugins (1ms)
				BeforeProcessingInitializeOnLoad (226ms)
				ProcessInitializeOnLoadAttributes (738ms)
				ProcessInitializeOnLoadMethodAttributes (85ms)
				AfterProcessingInitializeOnLoad (32ms)
				EditorAssembliesLoaded (1ms)
			ExecutionOrderSort2 (0ms)
			AwakeInstancesAfterBackupRestoration (23ms)
Platform modules already initialized, skipping
Refreshing native plugins compatible for Editor in 5.40 ms, found 3 plugins.
Preloading 0 native plugins for Editor in 0.00 ms.
Unloading 3538 Unused Serialized files (Serialized files now loaded: 0)
Unloading 21 unused Assets / (149.2 KB). Loaded Objects now: 4660.
Memory consumption went from 139.9 MB to 139.7 MB.
Total: 7.647100 ms (FindLiveObjects: 0.672300 ms CreateObjectMapping: 0.588000 ms MarkObjects: 6.202600 ms  DeleteObjects: 0.182400 ms)

AssetImportParameters requested are different than current active one (requested -> active):
  custom:video-decoder-ogg-theora: a1e56fd34408186e4bbccfd4996cb3dc -> 
  custom:container-muxer-webm: aa71ff27fc2769a1b78a27578f13a17b -> 
  custom:container-demuxer-webm: 4f35f7cbe854078d1ac9338744f61a02 -> 
  custom:video-encoder-webm-vp8: eb34c28f22e8b96e1ab97ce403110664 -> 
  custom:audio-encoder-webm-vorbis: bf7c407c2cedff20999df2af8eb42d56 -> 
  custom:framework-win-MediaFoundation: 216162199b28c13a410421893ffa2e32 -> 
  custom:container-demuxer-ogg: 62fdf1f143b41e24485cea50d1cbac27 -> 
  custom:video-decoder-webm-vp8: 9c59270c3fd7afecdb556c50c9e8de78 -> 
  custom:audio-decoder-ogg-vorbis: bf7c407c2cedff20999df2af8eb42d56 -> 
========================================================================
Received Prepare
Registering precompiled user dll's ...
Registered in 0.021353 seconds.
Begin MonoManager ReloadAssembly
Symbol file LoadedFromMemory doesn't match image C:\Users\Henry Fabritius\3D_Boss_Fight\Library\PackageCache\com.unity.visualscripting@1.7.8\Editor\VisualScripting.Core\Dependencies\YamlDotNet\Unity.VisualScripting.YamlDotNet.dll
Symbol file LoadedFromMemory doesn't match image C:\Users\Henry Fabritius\3D_Boss_Fight\Library\PackageCache\com.unity.visualscripting@1.7.8\Editor\VisualScripting.Core\Dependencies\DotNetZip\Unity.VisualScripting.IonicZip.dll
Native extension for WindowsStandalone target not found
Native extension for WebGL target not found
Refreshing native plugins compatible for Editor in 1.05 ms, found 3 plugins.
Preloading 0 native plugins for Editor in 0.00 ms.
Mono: successfully reloaded assembly
- Completed reload, in  2.936 seconds
Domain Reload Profiling:
	ReloadAssembly (2937ms)
		BeginReloadAssembly (246ms)
			ExecutionOrderSort (0ms)
			DisableScriptedObjects (11ms)
			BackupInstance (0ms)
			ReleaseScriptingObjects (0ms)
			CreateAndSetChildDomain (51ms)
		EndReloadAssembly (2408ms)
			LoadAssemblies (195ms)
			RebuildTransferFunctionScriptingTraits (0ms)
			SetupTypeCache (824ms)
			ReleaseScriptCaches (3ms)
			RebuildScriptCaches (130ms)
			SetupLoadedEditorAssemblies (1081ms)
				LogAssemblyErrors (0ms)
				InitializePlatformSupportModulesInManaged (48ms)
				SetLoadedEditorAssemblies (1ms)
				RefreshPlugins (1ms)
				BeforeProcessingInitializeOnLoad (223ms)
				ProcessInitializeOnLoadAttributes (707ms)
				ProcessInitializeOnLoadMethodAttributes (73ms)
				AfterProcessingInitializeOnLoad (27ms)
				EditorAssembliesLoaded (1ms)
			ExecutionOrderSort2 (0ms)
			AwakeInstancesAfterBackupRestoration (19ms)
Platform modules already initialized, skipping
Refreshing native plugins compatible for Editor in 6.61 ms, found 3 plugins.
Preloading 0 native plugins for Editor in 0.00 ms.
Unloading 3538 Unused Serialized files (Serialized files now loaded: 0)
Unloading 21 unused Assets / (149.3 KB). Loaded Objects now: 4675.
Memory consumption went from 139.9 MB to 139.8 MB.
Total: 6.950000 ms (FindLiveObjects: 0.653900 ms CreateObjectMapping: 0.493000 ms MarkObjects: 5.583800 ms  DeleteObjects: 0.217200 ms)

AssetImportParameters requested are different than current active one (requested -> active):
  custom:video-decoder-ogg-theora: a1e56fd34408186e4bbccfd4996cb3dc -> 
  custom:container-muxer-webm: aa71ff27fc2769a1b78a27578f13a17b -> 
  custom:container-demuxer-webm: 4f35f7cbe854078d1ac9338744f61a02 -> 
  custom:video-encoder-webm-vp8: eb34c28f22e8b96e1ab97ce403110664 -> 
  custom:audio-encoder-webm-vorbis: bf7c407c2cedff20999df2af8eb42d56 -> 
  custom:framework-win-MediaFoundation: 216162199b28c13a410421893ffa2e32 -> 
  custom:container-demuxer-ogg: 62fdf1f143b41e24485cea50d1cbac27 -> 
  custom:video-decoder-webm-vp8: 9c59270c3fd7afecdb556c50c9e8de78 -> 
  custom:audio-decoder-ogg-vorbis: bf7c407c2cedff20999df2af8eb42d56 -> 
========================================================================
Received Prepare
Registering precompiled user dll's ...
Registered in 0.016090 seconds.
Begin MonoManager ReloadAssembly
Symbol file LoadedFromMemory doesn't match image C:\Users\Henry Fabritius\3D_Boss_Fight\Library\PackageCache\com.unity.visualscripting@1.7.8\Editor\VisualScripting.Core\Dependencies\YamlDotNet\Unity.VisualScripting.YamlDotNet.dll
Symbol file LoadedFromMemory doesn't match image C:\Users\Henry Fabritius\3D_Boss_Fight\Library\PackageCache\com.unity.visualscripting@1.7.8\Editor\VisualScripting.Core\Dependencies\DotNetZip\Unity.VisualScripting.IonicZip.dll
Native extension for WindowsStandalone target not found
Native extension for WebGL target not found
Refreshing native plugins compatible for Editor in 2.26 ms, found 3 plugins.
Preloading 0 native plugins for Editor in 0.00 ms.
Mono: successfully reloaded assembly
- Completed reload, in  3.632 seconds
Domain Reload Profiling:
	ReloadAssembly (3634ms)
		BeginReloadAssembly (292ms)
			ExecutionOrderSort (0ms)
			DisableScriptedObjects (13ms)
			BackupInstance (0ms)
			ReleaseScriptingObjects (0ms)
			CreateAndSetChildDomain (66ms)
		EndReloadAssembly (3009ms)
			LoadAssemblies (228ms)
			RebuildTransferFunctionScriptingTraits (0ms)
			SetupTypeCache (1036ms)
			ReleaseScriptCaches (4ms)
			RebuildScriptCaches (194ms)
			SetupLoadedEditorAssemblies (1330ms)
				LogAssemblyErrors (0ms)
				InitializePlatformSupportModulesInManaged (52ms)
				SetLoadedEditorAssemblies (2ms)
				RefreshPlugins (2ms)
				BeforeProcessingInitializeOnLoad (291ms)
				ProcessInitializeOnLoadAttributes (833ms)
				ProcessInitializeOnLoadMethodAttributes (110ms)
				AfterProcessingInitializeOnLoad (40ms)
				EditorAssembliesLoaded (1ms)
			ExecutionOrderSort2 (0ms)
			AwakeInstancesAfterBackupRestoration (24ms)
Platform modules already initialized, skipping
Refreshing native plugins compatible for Editor in 8.27 ms, found 3 plugins.
Preloading 0 native plugins for Editor in 0.00 ms.
Unloading 3538 Unused Serialized files (Serialized files now loaded: 0)
Unloading 21 unused Assets / (149.2 KB). Loaded Objects now: 4690.
Memory consumption went from 140.0 MB to 139.8 MB.
Total: 18.465200 ms (FindLiveObjects: 0.917800 ms CreateObjectMapping: 0.612200 ms MarkObjects: 16.737400 ms  DeleteObjects: 0.194900 ms)

AssetImportParameters requested are different than current active one (requested -> active):
  custom:video-decoder-ogg-theora: a1e56fd34408186e4bbccfd4996cb3dc -> 
  custom:container-muxer-webm: aa71ff27fc2769a1b78a27578f13a17b -> 
  custom:container-demuxer-webm: 4f35f7cbe854078d1ac9338744f61a02 -> 
  custom:video-encoder-webm-vp8: eb34c28f22e8b96e1ab97ce403110664 -> 
  custom:audio-encoder-webm-vorbis: bf7c407c2cedff20999df2af8eb42d56 -> 
  custom:framework-win-MediaFoundation: 216162199b28c13a410421893ffa2e32 -> 
  custom:container-demuxer-ogg: 62fdf1f143b41e24485cea50d1cbac27 -> 
  custom:video-decoder-webm-vp8: 9c59270c3fd7afecdb556c50c9e8de78 -> 
  custom:audio-decoder-ogg-vorbis: bf7c407c2cedff20999df2af8eb42d56 -> 
========================================================================
Received Prepare
Registering precompiled user dll's ...
Registered in 0.017699 seconds.
Begin MonoManager ReloadAssembly
Symbol file LoadedFromMemory doesn't match image C:\Users\Henry Fabritius\3D_Boss_Fight\Library\PackageCache\com.unity.visualscripting@1.7.8\Editor\VisualScripting.Core\Dependencies\YamlDotNet\Unity.VisualScripting.YamlDotNet.dll
Symbol file LoadedFromMemory doesn't match image C:\Users\Henry Fabritius\3D_Boss_Fight\Library\PackageCache\com.unity.visualscripting@1.7.8\Editor\VisualScripting.Core\Dependencies\DotNetZip\Unity.VisualScripting.IonicZip.dll
Native extension for WindowsStandalone target not found
Native extension for WebGL target not found
Refreshing native plugins compatible for Editor in 1.51 ms, found 3 plugins.
Preloading 0 native plugins for Editor in 0.00 ms.
Mono: successfully reloaded assembly
- Completed reload, in  3.246 seconds
Domain Reload Profiling:
	ReloadAssembly (3248ms)
		BeginReloadAssembly (287ms)
			ExecutionOrderSort (0ms)
			DisableScriptedObjects (11ms)
			BackupInstance (0ms)
			ReleaseScriptingObjects (0ms)
			CreateAndSetChildDomain (64ms)
		EndReloadAssembly (2710ms)
			LoadAssemblies (226ms)
			RebuildTransferFunctionScriptingTraits (0ms)
			SetupTypeCache (839ms)
			ReleaseScriptCaches (4ms)
			RebuildScriptCaches (174ms)
			SetupLoadedEditorAssemblies (1280ms)
				LogAssemblyErrors (0ms)
				InitializePlatformSupportModulesInManaged (50ms)
				SetLoadedEditorAssemblies (1ms)
				RefreshPlugins (2ms)
				BeforeProcessingInitializeOnLoad (250ms)
				ProcessInitializeOnLoadAttributes (844ms)
				ProcessInitializeOnLoadMethodAttributes (95ms)
				AfterProcessingInitializeOnLoad (38ms)
				EditorAssembliesLoaded (1ms)
			ExecutionOrderSort2 (0ms)
			AwakeInstancesAfterBackupRestoration (24ms)
Platform modules already initialized, skipping
Refreshing native plugins compatible for Editor in 11.46 ms, found 3 plugins.
Preloading 0 native plugins for Editor in 0.00 ms.
Unloading 3538 Unused Serialized files (Serialized files now loaded: 0)
Unloading 21 unused Assets / (149.2 KB). Loaded Objects now: 4705.
Memory consumption went from 140.0 MB to 139.8 MB.
Total: 12.271700 ms (FindLiveObjects: 0.841300 ms CreateObjectMapping: 1.180200 ms MarkObjects: 9.986500 ms  DeleteObjects: 0.262100 ms)

AssetImportParameters requested are different than current active one (requested -> active):
  custom:video-decoder-ogg-theora: a1e56fd34408186e4bbccfd4996cb3dc -> 
  custom:container-muxer-webm: aa71ff27fc2769a1b78a27578f13a17b -> 
  custom:container-demuxer-webm: 4f35f7cbe854078d1ac9338744f61a02 -> 
  custom:video-encoder-webm-vp8: eb34c28f22e8b96e1ab97ce403110664 -> 
  custom:audio-encoder-webm-vorbis: bf7c407c2cedff20999df2af8eb42d56 -> 
  custom:framework-win-MediaFoundation: 216162199b28c13a410421893ffa2e32 -> 
  custom:container-demuxer-ogg: 62fdf1f143b41e24485cea50d1cbac27 -> 
  custom:video-decoder-webm-vp8: 9c59270c3fd7afecdb556c50c9e8de78 -> 
  custom:audio-decoder-ogg-vorbis: bf7c407c2cedff20999df2af8eb42d56 -> 
========================================================================
Received Prepare
Registering precompiled user dll's ...
Registered in 0.015171 seconds.
Begin MonoManager ReloadAssembly
Symbol file LoadedFromMemory doesn't match image C:\Users\Henry Fabritius\3D_Boss_Fight\Library\PackageCache\com.unity.visualscripting@1.7.8\Editor\VisualScripting.Core\Dependencies\YamlDotNet\Unity.VisualScripting.YamlDotNet.dll
Symbol file LoadedFromMemory doesn't match image C:\Users\Henry Fabritius\3D_Boss_Fight\Library\PackageCache\com.unity.visualscripting@1.7.8\Editor\VisualScripting.Core\Dependencies\DotNetZip\Unity.VisualScripting.IonicZip.dll
Native extension for WindowsStandalone target not found
Native extension for WebGL target not found
Refreshing native plugins compatible for Editor in 0.95 ms, found 3 plugins.
Preloading 0 native plugins for Editor in 0.00 ms.
Mono: successfully reloaded assembly
- Completed reload, in  2.383 seconds
Domain Reload Profiling:
	ReloadAssembly (2384ms)
		BeginReloadAssembly (301ms)
			ExecutionOrderSort (0ms)
			DisableScriptedObjects (14ms)
			BackupInstance (0ms)
			ReleaseScriptingObjects (0ms)
			CreateAndSetChildDomain (81ms)
		EndReloadAssembly (1849ms)
			LoadAssemblies (198ms)
			RebuildTransferFunctionScriptingTraits (0ms)
			SetupTypeCache (617ms)
			ReleaseScriptCaches (3ms)
			RebuildScriptCaches (112ms)
			SetupLoadedEditorAssemblies (818ms)
				LogAssemblyErrors (0ms)
				InitializePlatformSupportModulesInManaged (32ms)
				SetLoadedEditorAssemblies (1ms)
				RefreshPlugins (1ms)
				BeforeProcessingInitializeOnLoad (155ms)
				ProcessInitializeOnLoadAttributes (536ms)
				ProcessInitializeOnLoadMethodAttributes (69ms)
				AfterProcessingInitializeOnLoad (22ms)
				EditorAssembliesLoaded (0ms)
			ExecutionOrderSort2 (0ms)
			AwakeInstancesAfterBackupRestoration (14ms)
Platform modules already initialized, skipping
Refreshing native plugins compatible for Editor in 4.03 ms, found 3 plugins.
Preloading 0 native plugins for Editor in 0.00 ms.
Unloading 3538 Unused Serialized files (Serialized files now loaded: 0)
Unloading 21 unused Assets / (149.2 KB). Loaded Objects now: 4720.
Memory consumption went from 140.0 MB to 139.8 MB.
Total: 6.965300 ms (FindLiveObjects: 0.631100 ms CreateObjectMapping: 0.368300 ms MarkObjects: 5.781400 ms  DeleteObjects: 0.182500 ms)

AssetImportParameters requested are different than current active one (requested -> active):
  custom:video-decoder-ogg-theora: a1e56fd34408186e4bbccfd4996cb3dc -> 
  custom:container-muxer-webm: aa71ff27fc2769a1b78a27578f13a17b -> 
  custom:container-demuxer-webm: 4f35f7cbe854078d1ac9338744f61a02 -> 
  custom:video-encoder-webm-vp8: eb34c28f22e8b96e1ab97ce403110664 -> 
  custom:audio-encoder-webm-vorbis: bf7c407c2cedff20999df2af8eb42d56 -> 
  custom:framework-win-MediaFoundation: 216162199b28c13a410421893ffa2e32 -> 
  custom:container-demuxer-ogg: 62fdf1f143b41e24485cea50d1cbac27 -> 
  custom:video-decoder-webm-vp8: 9c59270c3fd7afecdb556c50c9e8de78 -> 
  custom:audio-decoder-ogg-vorbis: bf7c407c2cedff20999df2af8eb42d56 -> 
========================================================================
Received Prepare
Registering precompiled user dll's ...
Registered in 0.016931 seconds.
Begin MonoManager ReloadAssembly
Symbol file LoadedFromMemory doesn't match image C:\Users\Henry Fabritius\3D_Boss_Fight\Library\PackageCache\com.unity.visualscripting@1.7.8\Editor\VisualScripting.Core\Dependencies\YamlDotNet\Unity.VisualScripting.YamlDotNet.dll
Symbol file LoadedFromMemory doesn't match image C:\Users\Henry Fabritius\3D_Boss_Fight\Library\PackageCache\com.unity.visualscripting@1.7.8\Editor\VisualScripting.Core\Dependencies\DotNetZip\Unity.VisualScripting.IonicZip.dll
Native extension for WindowsStandalone target not found
Native extension for WebGL target not found
Refreshing native plugins compatible for Editor in 1.57 ms, found 3 plugins.
Preloading 0 native plugins for Editor in 0.00 ms.
Mono: successfully reloaded assembly
- Completed reload, in  2.955 seconds
Domain Reload Profiling:
	ReloadAssembly (2956ms)
		BeginReloadAssembly (385ms)
			ExecutionOrderSort (0ms)
			DisableScriptedObjects (14ms)
			BackupInstance (0ms)
			ReleaseScriptingObjects (0ms)
			CreateAndSetChildDomain (86ms)
		EndReloadAssembly (2225ms)
			LoadAssemblies (277ms)
			RebuildTransferFunctionScriptingTraits (0ms)
			SetupTypeCache (752ms)
			ReleaseScriptCaches (3ms)
			RebuildScriptCaches (120ms)
			SetupLoadedEditorAssemblies (1015ms)
				LogAssemblyErrors (0ms)
				InitializePlatformSupportModulesInManaged (41ms)
				SetLoadedEditorAssemblies (1ms)
				RefreshPlugins (2ms)
				BeforeProcessingInitializeOnLoad (189ms)
				ProcessInitializeOnLoadAttributes (663ms)
				ProcessInitializeOnLoadMethodAttributes (90ms)
				AfterProcessingInitializeOnLoad (28ms)
				EditorAssembliesLoaded (0ms)
			ExecutionOrderSort2 (0ms)
			AwakeInstancesAfterBackupRestoration (16ms)
Platform modules already initialized, skipping
Refreshing native plugins compatible for Editor in 4.82 ms, found 3 plugins.
Preloading 0 native plugins for Editor in 0.00 ms.
Unloading 3538 Unused Serialized files (Serialized files now loaded: 0)
Unloading 21 unused Assets / (149.2 KB). Loaded Objects now: 4735.
Memory consumption went from 140.0 MB to 139.9 MB.
Total: 10.099400 ms (FindLiveObjects: 0.826000 ms CreateObjectMapping: 0.572900 ms MarkObjects: 8.495900 ms  DeleteObjects: 0.202600 ms)

AssetImportParameters requested are different than current active one (requested -> active):
  custom:video-decoder-ogg-theora: a1e56fd34408186e4bbccfd4996cb3dc -> 
  custom:container-muxer-webm: aa71ff27fc2769a1b78a27578f13a17b -> 
  custom:container-demuxer-webm: 4f35f7cbe854078d1ac9338744f61a02 -> 
  custom:video-encoder-webm-vp8: eb34c28f22e8b96e1ab97ce403110664 -> 
  custom:audio-encoder-webm-vorbis: bf7c407c2cedff20999df2af8eb42d56 -> 
  custom:framework-win-MediaFoundation: 216162199b28c13a410421893ffa2e32 -> 
  custom:container-demuxer-ogg: 62fdf1f143b41e24485cea50d1cbac27 -> 
  custom:video-decoder-webm-vp8: 9c59270c3fd7afecdb556c50c9e8de78 -> 
  custom:audio-decoder-ogg-vorbis: bf7c407c2cedff20999df2af8eb42d56 -> 
